customer_id,signup_date,last_active_date,tenure_days,segment,plan_type,region,device,acquisition_channel,sessions_last_30d,avg_session_duration,feature_usage_score,engagement_score,revenue,lifetime_value,churn,churn_date,churn_reason,retention_flag,revenue_at_risk,churn_rate,retention_rate,engagement_band,tenure_band
C0001,2024-04-12,2024-09-24,165,Individual,Standard,EU,Desktop,Referral,5,3.39,98,24.2,298.18,822.59,1,2024-10-14,Better Alternative,0,298.18,100,0,Low Engagement,91–180 Days
C0002,2024-12-14,2025-02-10,58,Individual,Basic,EU,Mobile,Organic,43,6.32,80,36.4,157.6,544.03,1,2025-02-21,Better Alternative,0,157.6,100,0,Medium Engagement,31–90 Days
C0003,2024-09-27,2025-09-08,346,SMB,Standard,EU,Mobile,Paid,39,5.55,55,29.9,196.14,424.14,1,2025-10-02,Low Engagement,0,196.14,100,0,Medium Engagement,181+ Days
C0004,2024-04-16,2024-07-18,93,Enterprise,Standard,EU,Desktop,Paid,44,1.16,23,15.2,60.27,104.71,1,2024-07-26,Low Engagement,0,60.27,100,0,Low Engagement,91–180 Days
C0005,2024-03-12,2024-09-14,186,SMB,Premium,US,Mobile,Paid,18,9.39,65,36.8,45.09,119.07,1,2024-10-09,Service Issues,0,45.09,100,0,Medium Engagement,181+ Days
C0006,2024-07-07,2024-12-11,157,SMB,Premium,EU,Mobile,Referral,31,1.7,12,12.2,141.66,469.28,1,2024-12-21,Price,0,141.66,100,0,Low Engagement,91–180 Days
C0007,2024-01-21,2024-05-27,127,Individual,Basic,EU,Desktop,Referral,26,7.19,61,32.3,55.64,170.71,1,2024-06-25,Service Issues,0,55.64,100,0,Medium Engagement,91–180 Days
C0008,2024-04-12,2025-03-29,351,SMB,Basic,APAC,Desktop,Referral,0,8.07,53,28.1,69.81,191.63,0,,Unknown,1,0.0,0,100,Medium Engagement,181+ Days
C0009,2024-05-01,2024-07-12,72,SMB,Basic,US,Mobile,Organic,42,8.16,14,30.9,410.21,873.79,1,2024-08-03,Price,0,410.21,100,0,Medium Engagement,31–90 Days
C0010,2024-08-02,2025-02-16,198,Individual,Basic,US,Desktop,Referral,32,2.22,68,22.2,38.66,99.89,1,2025-03-08,Price,0,38.66,100,0,Low Engagement,181+ Days
C0011,2024-11-26,2025-01-23,58,Individual,Premium,US,Desktop,Organic,39,5.03,2,20.7,336.29,565.8,1,2025-01-30,Service Issues,0,336.29,100,0,Low Engagement,31–90 Days
C0012,2024-03-28,2025-02-27,336,Individual,Basic,US,Desktop,Paid,31,8.46,36,32.8,150.83,431.06,0,,Unknown,1,0.0,0,100,Medium Engagement,181+ Days
C0013,2024-04-09,2024-12-31,266,SMB,Basic,EU,Mobile,Paid,4,3.72,36,15.5,438.34,1293.19,1,2025-01-09,Service Issues,0,438.34,100,0,Low Engagement,181+ Days
C0014,2024-12-25,2025-08-15,233,SMB,Standard,EU,Desktop,Organic,16,5.21,2,16.5,252.8,867.12,0,,Unknown,1,0.0,0,100,Low Engagement,181+ Days
C0015,2024-05-31,2024-10-28,150,SMB,Standard,APAC,Mobile,Referral,7,3.46,62,19.4,166.68,336.83,1,2024-11-09,Low Engagement,0,166.68,100,0,Low Engagement,91–180 Days
C0016,2024-05-10,2024-12-20,224,SMB,Basic,APAC,Mobile,Organic,41,5.17,34,26.2,268.47,412.61,0,,Unknown,1,0.0,0,100,Medium Engagement,181+ Days
C0017,2024-05-29,2025-01-04,220,Individual,Basic,US,Mobile,Paid,33,8.99,51,36.7,203.34,526.9,1,2025-01-30,Price,0,203.34,100,0,Medium Engagement,181+ Days
C0018,2024-11-04,2025-09-27,327,Individual,Basic,APAC,Desktop,Paid,8,5.1,86,27.2,290.86,847.44,1,2025-10-17,Service Issues,0,290.86,100,0,Medium Engagement,181+ Days
C0019,2024-09-14,2024-10-25,41,Individual,Standard,APAC,Desktop,Organic,22,6.0,27,23.4,74.98,231.0,1,2024-10-28,Service Issues,0,74.98,100,0,Low Engagement,31–90 Days
C0020,2024-12-09,2025-05-25,167,Individual,Basic,US,Desktop,Referral,34,4.64,93,32.3,498.56,941.02,1,2025-06-04,Service Issues,0,498.56,100,0,Medium Engagement,91–180 Days
C0021,2024-10-20,2025-08-10,294,Enterprise,Basic,US,Desktop,Referral,49,5.14,17,25.2,224.27,453.81,1,2025-09-01,Better Alternative,0,224.27,100,0,Medium Engagement,181+ Days
C0022,2024-07-10,2025-05-20,314,Individual,Standard,APAC,Desktop,Organic,6,1.14,35,9.3,187.15,472.59,1,2025-05-29,Low Engagement,0,187.15,100,0,Low Engagement,181+ Days
C0023,2024-10-03,2025-07-25,295,SMB,Basic,EU,Mobile,Organic,14,3.55,32,16.5,360.9,779.98,1,2025-07-26,Price,0,360.9,100,0,Low Engagement,181+ Days
C0024,2024-06-09,2024-11-09,153,Enterprise,Standard,APAC,Mobile,Referral,19,4.93,63,25.6,194.67,627.04,0,,Unknown,1,0.0,0,100,Medium Engagement,91–180 Days
C0025,2024-11-09,2024-12-07,28,Enterprise,Basic,APAC,Mobile,Paid,49,6.7,25,30.3,419.97,1027.89,1,2024-12-16,Price,0,419.97,100,0,Medium Engagement,0–30 Days
C0026,2024-01-22,2024-02-18,27,SMB,Basic,EU,Desktop,Organic,24,5.05,47,24.5,238.05,737.75,0,,Unknown,1,0.0,0,100,Low Engagement,0–30 Days
C0027,2024-09-09,2025-06-02,266,SMB,Premium,EU,Mobile,Referral,2,4.04,39,16.4,365.39,972.39,1,2025-06-08,Better Alternative,0,365.39,100,0,Low Engagement,181+ Days
C0028,2024-08-23,2024-11-18,87,Individual,Standard,US,Mobile,Referral,45,4.49,16,22.6,71.58,218.05,1,2024-11-26,Low Engagement,0,71.58,100,0,Low Engagement,31–90 Days
C0029,2024-12-10,2025-06-12,184,SMB,Basic,US,Desktop,Paid,23,3.18,39,18.4,426.14,922.74,0,,Unknown,1,0.0,0,100,Low Engagement,181+ Days
C0030,2024-02-18,2024-09-08,203,SMB,Standard,APAC,Desktop,Paid,33,9.32,6,30.8,373.14,1180.18,0,,Unknown,1,0.0,0,100,Medium Engagement,181+ Days
C0031,2024-02-28,2024-06-29,122,Enterprise,Standard,EU,Mobile,Paid,45,5.7,56,31.6,121.62,249.22,0,,Unknown,1,0.0,0,100,Medium Engagement,91–180 Days
C0032,2024-06-18,2024-10-19,123,Individual,Standard,US,Mobile,Paid,21,1.12,7,8.0,89.74,232.62,1,2024-10-30,Service Issues,0,89.74,100,0,Low Engagement,91–180 Days
C0033,2024-07-06,2025-02-22,231,Enterprise,Basic,APAC,Desktop,Paid,10,1.18,55,13.2,171.82,331.27,1,2025-03-07,Service Issues,0,171.82,100,0,Low Engagement,181+ Days
C0034,2024-09-27,2025-03-21,175,Individual,Premium,EU,Desktop,Organic,47,9.76,30,38.3,488.51,1197.36,1,2025-03-25,Better Alternative,0,488.51,100,0,Medium Engagement,91–180 Days
C0035,2024-07-08,2025-06-01,328,SMB,Basic,APAC,Desktop,Referral,7,2.99,58,17.6,143.28,306.1,1,2025-06-13,Price,0,143.28,100,0,Low Engagement,181+ Days
C0036,2024-06-23,2024-11-11,141,Individual,Basic,US,Desktop,Organic,38,8.25,57,36.8,238.94,485.86,1,2024-11-21,Better Alternative,0,238.94,100,0,Medium Engagement,91–180 Days
C0037,2024-02-20,2024-11-19,273,SMB,Basic,US,Mobile,Organic,42,1.52,11,13.8,34.41,118.16,1,2024-12-14,Price,0,34.41,100,0,Low Engagement,181+ Days
C0038,2024-12-29,2025-03-03,64,Individual,Basic,EU,Mobile,Organic,34,9.29,47,37.1,210.67,383.45,0,,Unknown,1,0.0,0,100,Medium Engagement,31–90 Days
C0039,2024-02-24,2024-07-13,140,Individual,Premium,APAC,Desktop,Organic,48,8.87,30,36.3,294.23,904.65,1,2024-08-06,Better Alternative,0,294.23,100,0,Medium Engagement,91–180 Days
C0040,2024-08-31,2025-06-24,297,SMB,Basic,EU,Mobile,Organic,45,6.14,82,36.6,477.5,1656.13,1,2025-07-15,Price,0,477.5,100,0,Medium Engagement,181+ Days
C0041,2024-11-15,2025-08-17,275,SMB,Basic,US,Mobile,Paid,37,1.08,62,19.4,268.03,412.71,0,,Unknown,1,0.0,0,100,Low Engagement,181+ Days
C0042,2024-05-10,2024-10-28,171,SMB,Premium,US,Desktop,Paid,7,3.32,73,20.6,413.17,1197.39,1,2024-11-06,Low Engagement,0,413.17,100,0,Low Engagement,91–180 Days
C0043,2024-11-02,2025-02-06,96,SMB,Basic,APAC,Mobile,Referral,36,4.66,38,24.6,282.62,566.89,1,2025-02-16,Low Engagement,0,282.62,100,0,Low Engagement,91–180 Days
C0044,2024-05-14,2024-07-17,64,SMB,Basic,APAC,Mobile,Organic,26,5.14,75,29.3,39.58,62.58,1,2024-07-21,Service Issues,0,39.58,100,0,Medium Engagement,31–90 Days
C0045,2024-01-21,2024-11-13,297,Individual,Basic,APAC,Mobile,Referral,27,3.68,19,17.5,171.2,394.75,1,2024-12-12,Low Engagement,0,171.2,100,0,Low Engagement,181+ Days
C0046,2024-11-24,2025-05-30,187,Enterprise,Basic,EU,Desktop,Paid,39,1.3,47,18.1,296.26,998.53,0,,Unknown,1,0.0,0,100,Low Engagement,181+ Days
C0047,2024-06-15,2025-06-08,358,SMB,Basic,APAC,Desktop,Paid,33,6.31,70,32.9,476.29,725.64,1,2025-06-25,Price,0,476.29,100,0,Medium Engagement,181+ Days
C0048,2024-09-30,2024-10-17,17,SMB,Standard,APAC,Mobile,Paid,31,5.72,53,28.4,432.38,1156.95,1,2024-11-07,Service Issues,0,432.38,100,0,Medium Engagement,0–30 Days
C0049,2024-03-29,2025-02-22,330,SMB,Basic,US,Desktop,Organic,14,3.55,77,23.2,129.61,324.39,1,2025-03-12,Low Engagement,0,129.61,100,0,Low Engagement,181+ Days
C0050,2024-11-11,2025-09-29,322,Individual,Basic,US,Desktop,Organic,43,1.34,74,23.0,125.65,407.96,0,,Unknown,1,0.0,0,100,Low Engagement,181+ Days
C0051,2024-01-14,2024-09-26,256,SMB,Standard,APAC,Desktop,Paid,16,9.95,70,38.6,116.56,194.42,0,,Unknown,1,0.0,0,100,Medium Engagement,181+ Days
C0052,2024-08-29,2025-07-27,332,Individual,Standard,APAC,Mobile,Referral,32,5.34,28,24.0,462.8,1325.02,1,2025-08-09,Service Issues,0,462.8,100,0,Low Engagement,181+ Days
C0053,2024-09-21,2025-06-12,264,Individual,Basic,US,Mobile,Referral,46,7.8,73,39.7,429.28,1227.83,1,2025-06-20,Low Engagement,0,429.28,100,0,Medium Engagement,181+ Days
C0054,2024-12-11,2025-11-13,337,Individual,Standard,APAC,Desktop,Paid,45,5.07,92,35.5,391.94,1112.39,1,2025-11-25,Price,0,391.94,100,0,Medium Engagement,181+ Days
C0055,2024-02-22,2024-04-25,63,Individual,Basic,EU,Mobile,Referral,15,1.39,72,17.3,208.51,705.74,1,2024-05-18,Service Issues,0,208.51,100,0,Low Engagement,31–90 Days
C0056,2024-12-05,2025-08-20,258,SMB,Basic,EU,Mobile,Paid,28,3.79,99,29.9,262.1,824.61,1,2025-09-10,Price,0,262.1,100,0,Medium Engagement,181+ Days
C0057,2024-04-01,2024-12-05,248,Individual,Standard,EU,Mobile,Referral,8,3.88,47,18.3,242.88,384.71,1,2024-12-25,Better Alternative,0,242.88,100,0,Low Engagement,181+ Days
C0058,2024-09-20,2025-05-16,238,SMB,Basic,APAC,Mobile,Paid,32,8.55,73,38.7,141.63,345.88,1,2025-06-03,Better Alternative,0,141.63,100,0,Medium Engagement,181+ Days
C0059,2024-02-04,2024-04-20,76,SMB,Premium,US,Mobile,Referral,48,6.89,82,39.1,262.41,602.47,0,,Unknown,1,0.0,0,100,Medium Engagement,31–90 Days
C0060,2024-07-24,2024-09-22,60,Individual,Basic,APAC,Desktop,Organic,28,3.48,55,22.6,34.64,73.45,1,2024-10-04,Better Alternative,0,34.64,100,0,Low Engagement,31–90 Days
C0061,2024-03-21,2024-07-05,106,Individual,Standard,APAC,Mobile,Paid,12,9.71,94,40.8,83.27,200.07,0,,Unknown,1,0.0,0,100,Medium Engagement,91–180 Days
C0062,2024-02-19,2024-05-30,101,Individual,Basic,US,Mobile,Paid,20,3.89,16,16.1,445.56,1010.7,1,2024-06-24,Price,0,445.56,100,0,Low Engagement,91–180 Days
C0063,2024-12-25,2025-09-24,273,SMB,Standard,US,Mobile,Referral,20,9.98,8,30.2,380.81,900.49,1,2025-10-04,Better Alternative,0,380.81,100,0,Medium Engagement,181+ Days
C0064,2024-01-02,2024-10-28,300,SMB,Standard,US,Desktop,Paid,4,9.97,96,40.1,222.98,771.18,0,,Unknown,1,0.0,0,100,Medium Engagement,181+ Days
C0065,2024-02-23,2024-06-07,105,Individual,Premium,EU,Desktop,Paid,9,2.72,33,13.6,268.23,449.89,1,2024-06-27,Low Engagement,0,268.23,100,0,Low Engagement,91–180 Days
C0066,2024-04-15,2024-07-21,97,SMB,Basic,APAC,Desktop,Paid,5,3.81,44,17.1,197.6,660.87,1,2024-08-09,Better Alternative,0,197.6,100,0,Low Engagement,91–180 Days
C0067,2024-09-16,2024-12-12,87,Individual,Standard,US,Mobile,Organic,12,5.37,87,28.9,375.57,924.08,1,2024-12-26,Better Alternative,0,375.57,100,0,Medium Engagement,31–90 Days
C0068,2024-11-05,2025-08-29,297,Individual,Standard,APAC,Desktop,Organic,0,6.98,8,18.7,396.41,1089.13,1,2025-09-06,Price,0,396.41,100,0,Low Engagement,181+ Days
C0069,2024-07-09,2024-11-15,129,Enterprise,Standard,EU,Desktop,Referral,19,5.75,6,19.1,386.38,1221.1,1,2024-11-26,Price,0,386.38,100,0,Low Engagement,91–180 Days
C0070,2024-08-05,2025-06-12,311,SMB,Standard,EU,Desktop,Organic,46,9.72,15,35.8,366.85,814.75,1,2025-07-04,Service Issues,0,366.85,100,0,Medium Engagement,181+ Days
C0071,2024-02-13,2024-08-05,174,Enterprise,Standard,US,Desktop,Referral,45,7.52,18,30.5,118.16,278.96,0,,Unknown,1,0.0,0,100,Medium Engagement,91–180 Days
C0072,2024-06-10,2024-12-18,191,SMB,Basic,US,Mobile,Organic,7,2.91,5,9.4,182.23,422.6,1,2024-12-24,Price,0,182.23,100,0,Low Engagement,181+ Days
C0073,2024-07-20,2025-03-09,232,Individual,Basic,APAC,Desktop,Referral,9,1.95,10,8.2,245.53,552.31,1,2025-03-20,Price,0,245.53,100,0,Low Engagement,181+ Days
C0074,2024-09-26,2025-08-12,320,Enterprise,Basic,US,Desktop,Organic,8,7.2,75,30.8,178.78,599.1,1,2025-09-10,Low Engagement,0,178.78,100,0,Medium Engagement,181+ Days
C0075,2024-12-16,2025-01-01,16,Individual,Basic,APAC,Mobile,Organic,48,2.43,60,24.7,382.37,1207.47,1,2025-01-25,Price,0,382.37,100,0,Low Engagement,0–30 Days
C0076,2024-10-30,2025-10-04,339,SMB,Premium,US,Mobile,Referral,40,8.09,41,34.4,178.09,305.96,1,2025-10-25,Low Engagement,0,178.09,100,0,Medium Engagement,181+ Days
C0077,2024-09-27,2025-06-26,272,Individual,Standard,APAC,Desktop,Paid,2,3.8,12,11.7,86.35,148.2,1,2025-07-02,Price,0,86.35,100,0,Low Engagement,181+ Days
C0078,2024-08-02,2025-01-19,170,Enterprise,Premium,APAC,Mobile,Paid,10,3.94,11,13.5,211.54,498.33,1,2025-01-24,Service Issues,0,211.54,100,0,Low Engagement,91–180 Days
C0079,2024-09-08,2025-02-15,160,SMB,Basic,APAC,Desktop,Organic,11,1.1,84,17.6,490.36,832.3,1,2025-02-17,Service Issues,0,490.36,100,0,Low Engagement,91–180 Days
C0080,2024-07-08,2024-10-10,94,SMB,Premium,APAC,Mobile,Referral,9,7.31,73,31.0,128.42,351.64,0,,Unknown,1,0.0,0,100,Medium Engagement,91–180 Days
C0081,2024-10-22,2025-03-27,156,Individual,Premium,EU,Mobile,Paid,24,2.02,19,12.7,313.84,560.95,1,2025-03-30,Low Engagement,0,313.84,100,0,Low Engagement,91–180 Days
C0082,2024-07-31,2024-11-29,121,Individual,Standard,APAC,Desktop,Referral,48,7.96,49,36.8,227.83,579.77,0,,Unknown,1,0.0,0,100,Medium Engagement,91–180 Days
C0083,2024-07-26,2024-09-09,45,Individual,Standard,US,Mobile,Paid,48,5.43,35,28.4,54.09,81.92,1,2024-10-03,Low Engagement,0,54.09,100,0,Medium Engagement,31–90 Days
C0084,2024-08-24,2025-06-14,294,SMB,Basic,EU,Desktop,Referral,24,8.06,91,38.6,254.18,542.21,1,2025-06-22,Price,0,254.18,100,0,Medium Engagement,181+ Days
C0085,2024-12-03,2025-06-18,197,SMB,Premium,EU,Mobile,Organic,10,6.26,87,30.7,357.04,1019.13,0,,Unknown,1,0.0,0,100,Medium Engagement,181+ Days
C0086,2024-02-22,2024-05-23,91,Enterprise,Standard,APAC,Desktop,Referral,35,1.74,68,21.5,266.35,657.37,1,2024-06-13,Low Engagement,0,266.35,100,0,Low Engagement,91–180 Days
C0087,2024-10-06,2024-10-17,11,SMB,Basic,EU,Mobile,Paid,38,7.89,36,32.7,438.61,1516.07,1,2024-10-31,Price,0,438.61,100,0,Medium Engagement,0–30 Days
C0088,2024-08-04,2025-06-12,312,Enterprise,Basic,APAC,Mobile,Organic,25,1.63,11,10.7,158.69,515.46,1,2025-06-15,Service Issues,0,158.69,100,0,Low Engagement,181+ Days
C0089,2024-09-08,2025-04-02,206,Individual,Premium,US,Mobile,Referral,13,5.31,98,30.6,61.4,136.19,1,2025-04-17,Better Alternative,0,61.4,100,0,Medium Engagement,181+ Days
C0090,2024-07-06,2024-07-26,20,Individual,Premium,APAC,Mobile,Paid,38,2.55,39,19.8,469.55,747.04,1,2024-08-10,Price,0,469.55,100,0,Low Engagement,0–30 Days
C0091,2024-02-10,2024-10-10,243,Individual,Premium,EU,Mobile,Organic,39,7.77,53,35.2,201.53,643.13,0,,Unknown,1,0.0,0,100,Medium Engagement,181+ Days
C0092,2024-06-05,2024-12-26,204,Individual,Standard,US,Desktop,Referral,0,9.2,1,23.2,296.67,985.68,1,2025-01-01,Better Alternative,0,296.67,100,0,Low Engagement,181+ Days
C0093,2024-01-15,2024-05-22,128,SMB,Basic,APAC,Mobile,Paid,3,5.99,49,22.9,400.16,1257.0,0,,Unknown,1,0.0,0,100,Low Engagement,91–180 Days
C0094,2024-10-27,2024-11-25,29,Enterprise,Basic,US,Desktop,Referral,29,5.74,40,26.2,175.67,308.46,1,2024-12-12,Service Issues,0,175.67,100,0,Medium Engagement,0–30 Days
C0095,2024-03-05,2024-11-30,270,Enterprise,Basic,US,Desktop,Referral,11,7.88,44,28.5,363.76,1271.64,1,2024-12-22,Service Issues,0,363.76,100,0,Medium Engagement,181+ Days
C0096,2024-12-10,2025-10-08,302,Individual,Basic,EU,Desktop,Organic,34,1.05,8,10.6,85.0,171.46,1,2025-11-04,Low Engagement,0,85.0,100,0,Low Engagement,181+ Days
C0097,2024-11-22,2025-08-14,265,SMB,Basic,US,Mobile,Organic,12,9.26,61,34.7,159.82,471.21,0,,Unknown,1,0.0,0,100,Medium Engagement,181+ Days
C0098,2024-01-09,2024-08-27,231,Enterprise,Basic,EU,Desktop,Paid,30,2.78,85,25.7,89.46,296.66,0,,Unknown,1,0.0,0,100,Medium Engagement,181+ Days
C0099,2024-12-09,2025-08-01,235,SMB,Basic,US,Mobile,Organic,37,9.86,46,38.9,409.39,807.06,1,2025-08-28,Low Engagement,0,409.39,100,0,Medium Engagement,181+ Days
C0100,2024-05-08,2024-07-09,62,Enterprise,Premium,APAC,Desktop,Paid,42,7.63,4,28.1,126.87,420.77,1,2024-07-24,Service Issues,0,126.87,100,0,Medium Engagement,31–90 Days
C0101,2024-05-15,2025-05-14,364,Individual,Basic,US,Desktop,Referral,22,7.97,75,35.6,364.35,772.04,1,2025-05-26,Better Alternative,0,364.35,100,0,Medium Engagement,181+ Days
C0102,2024-03-03,2025-02-17,351,Individual,Premium,APAC,Desktop,Referral,3,6.91,0,17.9,472.78,1632.43,1,2025-03-11,Service Issues,0,472.78,100,0,Low Engagement,181+ Days
C0103,2024-05-18,2025-03-03,289,SMB,Standard,APAC,Desktop,Paid,15,5.24,43,22.6,273.33,563.75,1,2025-03-13,Low Engagement,0,273.33,100,0,Low Engagement,181+ Days
C0104,2024-03-21,2024-06-19,90,Individual,Basic,US,Desktop,Referral,6,6.14,21,19.7,279.21,951.23,0,,Unknown,1,0.0,0,100,Low Engagement,31–90 Days
C0105,2024-06-11,2025-01-08,211,Individual,Basic,APAC,Mobile,Organic,21,1.42,37,13.3,241.3,387.79,1,2025-02-05,Price,0,241.3,100,0,Low Engagement,181+ Days
C0106,2024-10-15,2025-03-31,167,SMB,Basic,US,Desktop,Referral,28,6.62,18,24.8,176.43,514.92,1,2025-04-09,Low Engagement,0,176.43,100,0,Low Engagement,91–180 Days
C0107,2024-09-17,2025-01-24,129,SMB,Basic,US,Desktop,Organic,10,6.63,79,30.4,248.31,636.72,1,2025-01-28,Price,0,248.31,100,0,Medium Engagement,91–180 Days
C0108,2024-08-18,2024-10-25,68,SMB,Standard,APAC,Mobile,Paid,32,9.02,30,33.4,309.35,759.69,1,2024-11-09,Low Engagement,0,309.35,100,0,Medium Engagement,31–90 Days
C0109,2024-02-10,2024-09-21,224,SMB,Basic,APAC,Mobile,Paid,28,5.55,66,29.4,493.28,960.41,1,2024-10-04,Service Issues,0,493.28,100,0,Medium Engagement,181+ Days
C0110,2024-01-28,2024-06-13,137,Individual,Basic,EU,Mobile,Referral,38,1.69,86,24.7,470.13,1368.64,1,2024-06-21,Low Engagement,0,470.13,100,0,Low Engagement,91–180 Days
C0111,2024-05-14,2025-01-02,233,Enterprise,Basic,APAC,Desktop,Referral,11,3.76,41,17.7,433.83,816.3,0,,Unknown,1,0.0,0,100,Low Engagement,181+ Days
C0112,2024-07-19,2025-02-22,218,Individual,Premium,EU,Desktop,Organic,6,6.9,81,30.6,446.78,1164.17,1,2025-03-22,Better Alternative,0,446.78,100,0,Medium Engagement,181+ Days
C0113,2024-11-23,2025-03-27,124,SMB,Standard,APAC,Desktop,Organic,38,3.15,25,19.2,244.57,490.73,1,2025-04-15,Price,0,244.57,100,0,Low Engagement,91–180 Days
C0114,2024-09-24,2025-04-30,218,SMB,Standard,US,Desktop,Referral,41,3.52,12,18.8,335.57,1144.71,1,2025-05-16,Better Alternative,0,335.57,100,0,Low Engagement,181+ Days
C0115,2024-02-02,2024-02-25,23,Enterprise,Basic,APAC,Desktop,Referral,47,8.38,57,38.9,449.63,700.19,1,2024-03-06,Service Issues,0,449.63,100,0,Medium Engagement,0–30 Days
C0116,2024-02-17,2024-03-06,18,SMB,Standard,US,Desktop,Paid,25,6.26,17,23.2,208.62,396.26,1,2024-03-07,Low Engagement,0,208.62,100,0,Low Engagement,0–30 Days
C0117,2024-03-02,2024-04-20,49,Enterprise,Standard,US,Mobile,Paid,39,5.58,66,31.6,481.65,955.89,0,,Unknown,1,0.0,0,100,Medium Engagement,31–90 Days
C0118,2024-08-03,2025-04-06,246,Individual,Standard,US,Mobile,Paid,8,3.87,86,24.2,219.58,511.21,1,2025-04-24,Better Alternative,0,219.58,100,0,Low Engagement,181+ Days
C0119,2024-10-19,2025-08-05,290,Enterprise,Premium,EU,Desktop,Referral,40,7.58,2,27.2,308.52,606.38,0,,Unknown,1,0.0,0,100,Medium Engagement,181+ Days
C0120,2024-04-08,2024-11-04,210,Individual,Basic,APAC,Desktop,Referral,33,3.59,54,23.7,360.71,895.53,1,2024-11-15,Low Engagement,0,360.71,100,0,Low Engagement,181+ Days
C0121,2024-06-20,2025-03-02,255,SMB,Premium,US,Desktop,Referral,44,7.63,88,41.1,476.28,1545.5,0,,Unknown,1,0.0,0,100,Medium Engagement,181+ Days
C0122,2024-12-25,2025-10-08,287,SMB,Premium,US,Desktop,Paid,12,1.63,90,20.0,137.42,401.83,0,,Unknown,1,0.0,0,100,Low Engagement,181+ Days
C0123,2024-08-01,2025-04-02,244,SMB,Basic,EU,Desktop,Referral,35,8.78,57,37.5,378.14,1005.82,1,2025-04-05,Service Issues,0,378.14,100,0,Medium Engagement,181+ Days
C0124,2024-02-04,2024-02-17,13,Enterprise,Basic,APAC,Mobile,Organic,24,5.5,62,27.8,269.99,453.04,0,,Unknown,1,0.0,0,100,Medium Engagement,0–30 Days
C0125,2024-08-14,2025-01-24,163,SMB,Premium,APAC,Mobile,Referral,23,4.95,90,30.5,148.91,430.05,1,2025-02-20,Better Alternative,0,148.91,100,0,Medium Engagement,91–180 Days
C0126,2024-04-10,2024-05-18,38,SMB,Basic,EU,Desktop,Referral,43,6.5,51,32.5,392.77,719.88,1,2024-06-15,Low Engagement,0,392.77,100,0,Medium Engagement,31–90 Days
C0127,2024-05-10,2024-09-05,118,Enterprise,Standard,EU,Mobile,Referral,16,6.62,88,33.0,285.07,875.94,0,,Unknown,1,0.0,0,100,Medium Engagement,91–180 Days
C0128,2024-09-13,2024-12-29,107,SMB,Premium,APAC,Desktop,Referral,1,2.19,23,9.1,337.27,674.58,0,,Unknown,1,0.0,0,100,Low Engagement,91–180 Days
C0129,2024-01-05,2024-08-16,224,SMB,Standard,EU,Desktop,Referral,12,7.81,71,32.6,174.99,408.44,1,2024-08-22,Better Alternative,0,174.99,100,0,Medium Engagement,181+ Days
C0130,2024-08-05,2025-06-03,302,SMB,Basic,APAC,Desktop,Organic,30,3.48,8,15.9,251.01,552.46,1,2025-06-17,Better Alternative,0,251.01,100,0,Low Engagement,181+ Days
C0131,2024-09-11,2024-12-04,84,Individual,Standard,APAC,Mobile,Organic,28,9.14,36,33.8,316.33,1017.83,0,,Unknown,1,0.0,0,100,Medium Engagement,31–90 Days
C0132,2024-12-24,2025-11-24,335,Individual,Basic,US,Mobile,Referral,49,8.36,93,44.6,214.36,375.79,0,,Unknown,1,0.0,0,100,Medium Engagement,181+ Days
C0133,2024-10-09,2025-03-13,155,Enterprise,Standard,US,Desktop,Paid,27,4.12,82,28.0,115.22,303.18,1,2025-03-23,Better Alternative,0,115.22,100,0,Medium Engagement,91–180 Days
C0134,2024-07-25,2024-12-09,137,SMB,Basic,APAC,Mobile,Referral,26,8.27,52,33.7,481.59,859.22,0,,Unknown,1,0.0,0,100,Medium Engagement,91–180 Days
C0135,2024-01-15,2024-12-30,350,Individual,Standard,APAC,Mobile,Referral,14,4.21,79,25.2,265.5,772.5,1,2025-01-28,Low Engagement,0,265.5,100,0,Medium Engagement,181+ Days
C0136,2024-12-11,2025-01-31,51,Individual,Standard,APAC,Desktop,Referral,30,1.91,23,14.2,372.28,1232.3,1,2025-02-22,Price,0,372.28,100,0,Low Engagement,31–90 Days
C0137,2024-02-11,2024-04-01,50,SMB,Standard,APAC,Mobile,Paid,39,9.66,20,35.0,217.3,514.83,1,2024-04-28,Better Alternative,0,217.3,100,0,Medium Engagement,31–90 Days
C0138,2024-06-27,2024-08-09,43,Individual,Standard,APAC,Mobile,Paid,14,6.87,99,34.8,190.46,471.61,1,2024-09-07,Price,0,190.46,100,0,Medium Engagement,31–90 Days
C0139,2024-03-03,2024-03-29,26,SMB,Standard,APAC,Desktop,Paid,32,5.1,39,25.0,215.44,722.77,0,,Unknown,1,0.0,0,100,Low Engagement,0–30 Days
C0140,2024-12-17,2025-06-09,174,Enterprise,Standard,EU,Desktop,Organic,19,4.58,61,24.4,216.41,550.11,1,2025-06-21,Better Alternative,0,216.41,100,0,Low Engagement,91–180 Days
C0141,2024-08-18,2025-01-27,162,Individual,Basic,APAC,Mobile,Paid,41,3.92,69,28.4,281.21,696.05,0,,Unknown,1,0.0,0,100,Medium Engagement,91–180 Days
C0142,2024-08-28,2024-11-21,85,SMB,Standard,EU,Desktop,Organic,11,9.83,68,37.0,280.87,746.18,1,2024-12-17,Service Issues,0,280.87,100,0,Medium Engagement,31–90 Days
C0143,2024-02-21,2024-05-27,96,Individual,Basic,EU,Mobile,Organic,36,2.21,13,14.7,258.63,744.46,1,2024-06-21,Price,0,258.63,100,0,Low Engagement,91–180 Days
C0144,2024-04-05,2024-08-09,126,Individual,Premium,APAC,Desktop,Paid,8,3.83,41,17.3,84.7,145.16,1,2024-08-18,Price,0,84.7,100,0,Low Engagement,91–180 Days
C0145,2024-08-09,2025-07-26,351,Enterprise,Basic,APAC,Desktop,Paid,22,5.37,49,25.2,258.12,811.07,1,2025-07-30,Service Issues,0,258.12,100,0,Medium Engagement,181+ Days
C0146,2024-08-18,2024-09-23,36,SMB,Basic,EU,Desktop,Paid,7,5.3,60,23.6,101.17,239.88,1,2024-10-09,Price,0,101.17,100,0,Low Engagement,31–90 Days
C0147,2024-08-24,2025-07-12,322,SMB,Standard,EU,Desktop,Organic,31,5.24,3,19.8,80.55,132.48,1,2025-08-06,Better Alternative,0,80.55,100,0,Low Engagement,181+ Days
C0148,2024-05-22,2025-03-14,296,SMB,Basic,APAC,Mobile,Referral,47,2.58,71,26.5,467.67,1436.85,0,,Unknown,1,0.0,0,100,Medium Engagement,181+ Days
C0149,2024-06-19,2024-11-09,143,Individual,Basic,APAC,Desktop,Paid,13,2.3,87,21.4,310.38,699.57,0,,Unknown,1,0.0,0,100,Low Engagement,91–180 Days
C0150,2024-01-29,2024-09-13,228,SMB,Standard,EU,Desktop,Paid,26,3.29,74,24.5,336.56,572.4,1,2024-09-16,Price,0,336.56,100,0,Low Engagement,181+ Days
C0151,2024-02-05,2024-07-31,177,Enterprise,Standard,EU,Desktop,Paid,24,9.23,16,30.3,212.86,589.1,0,,Unknown,1,0.0,0,100,Medium Engagement,91–180 Days
C0152,2024-01-13,2024-04-29,107,Individual,Standard,EU,Mobile,Organic,12,2.02,84,20.0,456.31,1487.69,1,2024-05-02,Low Engagement,0,456.31,100,0,Low Engagement,91–180 Days
C0153,2024-06-08,2025-03-12,277,SMB,Basic,US,Mobile,Organic,20,7.82,56,32.0,326.21,1068.5,1,2025-03-30,Price,0,326.21,100,0,Medium Engagement,181+ Days
C0154,2024-11-22,2025-07-26,246,Individual,Standard,EU,Desktop,Referral,44,7.82,89,41.7,389.2,1329.25,0,,Unknown,1,0.0,0,100,Medium Engagement,181+ Days
C0155,2024-07-05,2025-05-19,318,SMB,Basic,US,Desktop,Paid,30,8.29,47,33.8,196.91,637.08,1,2025-06-16,Low Engagement,0,196.91,100,0,Medium Engagement,181+ Days
C0156,2024-08-30,2025-02-28,182,Individual,Standard,APAC,Desktop,Organic,36,8.98,43,36.1,480.81,723.27,0,,Unknown,1,0.0,0,100,Medium Engagement,181+ Days
C0157,2024-03-26,2024-10-11,199,Enterprise,Standard,APAC,Desktop,Referral,47,3.37,44,24.4,413.82,935.43,1,2024-10-13,Service Issues,0,413.82,100,0,Low Engagement,181+ Days
C0158,2024-10-10,2025-02-18,131,SMB,Standard,EU,Desktop,Paid,42,3.02,90,29.4,429.9,1348.63,1,2025-03-01,Service Issues,0,429.9,100,0,Medium Engagement,91–180 Days
C0159,2024-03-06,2024-04-30,55,SMB,Basic,APAC,Desktop,Organic,4,5.19,79,25.6,102.65,229.17,1,2024-05-03,Better Alternative,0,102.65,100,0,Medium Engagement,31–90 Days
C0160,2024-06-18,2024-08-30,73,Enterprise,Basic,APAC,Mobile,Paid,12,3.39,89,24.2,150.06,405.63,1,2024-09-22,Low Engagement,0,150.06,100,0,Low Engagement,31–90 Days
C0161,2024-02-14,2024-07-02,139,Individual,Basic,APAC,Desktop,Paid,27,7.61,32,29.2,157.1,426.15,0,,Unknown,1,0.0,0,100,Medium Engagement,91–180 Days
C0162,2024-03-02,2025-01-15,319,Individual,Basic,APAC,Desktop,Organic,42,6.72,30,29.7,150.04,334.6,1,2025-01-24,Better Alternative,0,150.04,100,0,Medium Engagement,181+ Days
C0163,2024-05-13,2024-12-01,202,Individual,Basic,US,Desktop,Organic,24,8.87,46,33.9,430.6,1424.83,1,2024-12-03,Service Issues,0,430.6,100,0,Medium Engagement,181+ Days
C0164,2024-10-10,2025-08-22,316,SMB,Standard,US,Desktop,Organic,34,1.74,5,11.9,35.3,88.48,1,2025-09-10,Low Engagement,0,35.3,100,0,Low Engagement,181+ Days
C0165,2024-01-28,2024-08-05,190,SMB,Basic,EU,Desktop,Paid,46,9.24,71,43.0,56.53,137.34,1,2024-08-20,Service Issues,0,56.53,100,0,Medium Engagement,181+ Days
C0166,2024-04-17,2025-02-12,301,SMB,Premium,EU,Desktop,Paid,38,3.64,70,27.2,151.48,529.43,0,,Unknown,1,0.0,0,100,Medium Engagement,181+ Days
C0167,2024-02-13,2024-11-30,291,Enterprise,Basic,EU,Mobile,Referral,6,5.42,33,19.7,115.94,288.34,1,2024-12-21,Better Alternative,0,115.94,100,0,Low Engagement,181+ Days
C0168,2024-12-05,2025-01-12,38,Individual,Standard,APAC,Mobile,Paid,37,4.95,52,27.6,131.29,243.78,1,2025-01-17,Better Alternative,0,131.29,100,0,Medium Engagement,31–90 Days
C0169,2024-10-12,2025-03-19,158,Enterprise,Standard,APAC,Mobile,Organic,31,7.84,13,27.8,403.01,1018.06,0,,Unknown,1,0.0,0,100,Medium Engagement,91–180 Days
C0170,2024-11-26,2025-08-29,276,SMB,Basic,US,Mobile,Paid,2,4.78,15,14.6,290.3,908.07,1,2025-09-25,Service Issues,0,290.3,100,0,Low Engagement,181+ Days
C0171,2024-05-07,2025-03-08,305,Enterprise,Basic,US,Mobile,Referral,44,9.49,42,38.8,22.77,69.53,0,,Unknown,1,0.0,0,100,Medium Engagement,181+ Days
C0172,2024-12-13,2025-01-02,20,Individual,Standard,EU,Mobile,Referral,38,9.12,72,41.2,226.07,695.65,1,2025-01-09,Low Engagement,0,226.07,100,0,Medium Engagement,0–30 Days
C0173,2024-08-18,2025-02-07,173,Individual,Basic,US,Desktop,Organic,36,8.85,73,40.3,215.78,629.22,1,2025-02-21,Price,0,215.78,100,0,Medium Engagement,91–180 Days
C0174,2024-07-08,2024-11-07,122,Individual,Premium,US,Desktop,Organic,49,1.64,80,25.9,74.69,150.01,0,,Unknown,1,0.0,0,100,Medium Engagement,91–180 Days
C0175,2024-08-12,2025-02-24,196,SMB,Standard,US,Desktop,Referral,21,8.69,11,27.6,344.55,1110.89,1,2025-02-25,Low Engagement,0,344.55,100,0,Medium Engagement,181+ Days
C0176,2024-10-09,2025-08-09,304,SMB,Premium,US,Desktop,Referral,7,8.03,69,31.8,357.01,1173.45,1,2025-08-26,Price,0,357.01,100,0,Medium Engagement,181+ Days
C0177,2024-04-30,2024-12-27,241,Individual,Basic,US,Desktop,Referral,16,1.93,18,10.7,366.03,691.18,1,2025-01-10,Low Engagement,0,366.03,100,0,Low Engagement,181+ Days
C0178,2024-04-25,2024-12-17,236,Individual,Standard,EU,Desktop,Organic,26,1.97,40,16.1,369.67,650.96,1,2024-12-25,Service Issues,0,369.67,100,0,Low Engagement,181+ Days
C0179,2024-08-20,2025-07-05,319,SMB,Standard,EU,Mobile,Referral,32,1.91,52,19.0,20.03,69.13,1,2025-07-19,Better Alternative,0,20.03,100,0,Low Engagement,181+ Days
C0180,2024-09-15,2024-12-31,107,Individual,Standard,US,Desktop,Referral,45,1.1,28,16.0,477.88,1546.73,1,2025-01-06,Service Issues,0,477.88,100,0,Low Engagement,91–180 Days
C0181,2024-12-24,2025-02-26,64,Individual,Basic,EU,Mobile,Organic,16,5.94,69,28.4,410.82,1350.15,1,2025-02-27,Better Alternative,0,410.82,100,0,Medium Engagement,31–90 Days
C0182,2024-07-16,2024-11-13,120,Individual,Standard,APAC,Mobile,Paid,41,9.76,58,41.3,453.91,1485.54,1,2024-12-08,Better Alternative,0,453.91,100,0,Medium Engagement,91–180 Days
C0183,2024-05-16,2024-10-24,161,Individual,Basic,US,Desktop,Paid,11,4.95,88,27.8,27.51,71.07,0,,Unknown,1,0.0,0,100,Medium Engagement,91–180 Days
C0184,2024-11-13,2025-07-26,255,SMB,Standard,APAC,Desktop,Referral,47,5.87,63,33.5,468.25,1307.73,1,2025-07-27,Service Issues,0,468.25,100,0,Medium Engagement,181+ Days
C0185,2024-06-13,2024-08-30,78,Enterprise,Basic,EU,Desktop,Paid,45,9.71,23,36.7,408.7,1058.83,1,2024-09-02,Better Alternative,0,408.7,100,0,Medium Engagement,31–90 Days
C0186,2024-08-12,2025-06-29,321,Enterprise,Premium,EU,Desktop,Paid,26,3.3,88,26.6,421.87,676.01,0,,Unknown,1,0.0,0,100,Medium Engagement,181+ Days
C0187,2024-11-02,2025-08-27,298,Individual,Basic,APAC,Desktop,Paid,47,8.73,15,33.5,64.78,193.76,0,,Unknown,1,0.0,0,100,Medium Engagement,181+ Days
C0188,2024-08-21,2025-05-07,259,Individual,Premium,EU,Desktop,Paid,7,5.92,51,23.8,374.61,940.52,1,2025-05-12,Price,0,374.61,100,0,Low Engagement,181+ Days
C0189,2024-06-20,2024-08-04,45,Individual,Premium,US,Desktop,Referral,22,6.13,79,31.6,480.76,1343.93,1,2024-08-08,Price,0,480.76,100,0,Medium Engagement,31–90 Days
C0190,2024-05-31,2025-02-03,248,SMB,Premium,APAC,Mobile,Paid,41,4.09,5,19.2,345.7,866.08,1,2025-02-24,Service Issues,0,345.7,100,0,Low Engagement,181+ Days
C0191,2024-11-10,2025-04-16,157,Individual,Standard,US,Desktop,Paid,48,6.05,36,30.1,293.87,729.86,1,2025-04-30,Low Engagement,0,293.87,100,0,Medium Engagement,91–180 Days
C0192,2024-06-08,2025-01-30,236,Individual,Basic,APAC,Desktop,Organic,28,1.66,84,22.4,473.9,873.67,1,2025-02-28,Service Issues,0,473.9,100,0,Low Engagement,181+ Days
C0193,2024-04-05,2024-12-14,253,Individual,Premium,EU,Mobile,Referral,49,7.88,3,30.0,232.61,478.58,0,,Unknown,1,0.0,0,100,Medium Engagement,181+ Days
C0194,2024-08-20,2025-08-01,346,Individual,Basic,APAC,Desktop,Organic,19,3.56,97,27.2,307.66,559.24,0,,Unknown,1,0.0,0,100,Medium Engagement,181+ Days
C0195,2024-06-28,2025-01-24,210,Individual,Standard,APAC,Desktop,Organic,15,8.99,91,39.1,248.64,470.26,0,,Unknown,1,0.0,0,100,Medium Engagement,181+ Days
C0196,2024-04-22,2024-10-02,163,Enterprise,Standard,US,Mobile,Referral,16,4.31,37,19.5,467.77,1611.91,1,2024-10-04,Service Issues,0,467.77,100,0,Low Engagement,91–180 Days
C0197,2024-11-13,2025-02-03,82,Enterprise,Standard,EU,Desktop,Paid,15,2.29,40,14.7,56.52,102.09,1,2025-02-04,Price,0,56.52,100,0,Low Engagement,31–90 Days
C0198,2024-02-21,2024-09-18,210,SMB,Basic,US,Desktop,Organic,18,7.26,91,35.4,260.54,531.12,1,2024-09-22,Better Alternative,0,260.54,100,0,Medium Engagement,181+ Days
C0199,2024-09-24,2025-07-26,305,SMB,Standard,EU,Desktop,Referral,7,2.48,80,19.6,349.74,937.72,1,2025-07-31,Price,0,349.74,100,0,Low Engagement,181+ Days
C0200,2024-10-21,2024-11-16,26,Individual,Premium,US,Desktop,Paid,37,7.78,13,28.8,400.12,1088.47,1,2024-11-21,Price,0,400.12,100,0,Medium Engagement,0–30 Days
C0201,2024-04-22,2024-09-07,138,Individual,Basic,APAC,Desktop,Referral,37,9.71,70,42.2,299.85,542.11,1,2024-10-05,Service Issues,0,299.85,100,0,Medium Engagement,91–180 Days
C0202,2024-04-10,2024-11-22,226,SMB,Premium,US,Desktop,Organic,28,8.02,85,38.4,456.28,1408.73,0,,Unknown,1,0.0,0,100,Medium Engagement,181+ Days
C0203,2024-04-22,2024-07-01,70,SMB,Basic,EU,Mobile,Paid,40,1.2,50,18.5,472.16,1449.72,1,2024-07-25,Better Alternative,0,472.16,100,0,Low Engagement,31–90 Days
C0204,2024-03-21,2024-07-12,113,Individual,Basic,EU,Desktop,Paid,35,6.4,64,32.6,50.87,100.45,1,2024-07-24,Service Issues,0,50.87,100,0,Medium Engagement,91–180 Days
C0205,2024-07-05,2024-08-25,51,SMB,Basic,APAC,Desktop,Referral,25,7.26,92,36.9,213.14,442.76,0,,Unknown,1,0.0,0,100,Medium Engagement,31–90 Days
C0206,2024-04-22,2024-05-26,34,SMB,Basic,EU,Mobile,Paid,30,8.43,51,34.7,31.26,105.53,1,2024-05-27,Better Alternative,0,31.26,100,0,Medium Engagement,31–90 Days
C0207,2024-01-02,2024-02-19,48,SMB,Premium,US,Mobile,Organic,43,1.5,94,26.4,178.12,561.32,0,,Unknown,1,0.0,0,100,Medium Engagement,31–90 Days
C0208,2024-05-09,2025-03-05,300,SMB,Basic,APAC,Desktop,Organic,11,5.32,29,19.8,277.7,804.11,1,2025-03-22,Better Alternative,0,277.7,100,0,Low Engagement,181+ Days
C0209,2024-08-07,2024-12-25,140,SMB,Basic,EU,Mobile,Organic,16,5.82,56,26.2,457.18,760.96,1,2024-12-27,Better Alternative,0,457.18,100,0,Medium Engagement,91–180 Days
C0210,2024-02-23,2024-10-18,238,SMB,Basic,EU,Desktop,Referral,14,2.52,78,20.8,426.35,996.18,0,,Unknown,1,0.0,0,100,Low Engagement,181+ Days
C0211,2024-12-08,2025-04-04,117,Enterprise,Standard,US,Desktop,Paid,8,3.9,81,23.5,81.2,212.63,1,2025-04-11,Price,0,81.2,100,0,Low Engagement,91–180 Days
C0212,2024-08-11,2025-02-08,181,Individual,Standard,US,Mobile,Paid,38,4.96,98,34.7,64.65,121.21,1,2025-03-07,Better Alternative,0,64.65,100,0,Medium Engagement,181+ Days
C0213,2024-08-12,2024-12-01,111,Enterprise,Basic,APAC,Desktop,Paid,41,8.5,29,33.8,302.85,725.77,1,2024-12-30,Low Engagement,0,302.85,100,0,Medium Engagement,91–180 Days
C0214,2024-05-05,2025-05-03,363,Individual,Basic,EU,Desktop,Organic,47,9.36,97,47.3,275.42,744.2,1,2025-05-09,Low Engagement,0,275.42,100,0,Medium Engagement,181+ Days
C0215,2024-05-09,2024-05-30,21,SMB,Premium,US,Mobile,Paid,11,6.66,41,25.0,147.86,318.6,1,2024-06-10,Price,0,147.86,100,0,Low Engagement,0–30 Days
C0216,2024-02-22,2024-12-02,284,SMB,Basic,APAC,Mobile,Organic,31,4.55,10,19.1,451.74,1383.18,1,2024-12-20,Low Engagement,0,451.74,100,0,Low Engagement,181+ Days
C0217,2024-06-20,2024-10-08,110,Individual,Basic,EU,Mobile,Paid,24,3.29,26,16.9,465.14,1479.56,1,2024-10-30,Low Engagement,0,465.14,100,0,Low Engagement,91–180 Days
C0218,2024-08-05,2024-09-27,53,SMB,Basic,EU,Mobile,Organic,38,9.84,23,35.7,213.25,457.89,0,,Unknown,1,0.0,0,100,Medium Engagement,31–90 Days
C0219,2024-06-08,2025-04-18,314,Enterprise,Standard,APAC,Desktop,Paid,17,9.85,98,42.7,447.35,1421.37,1,2025-04-23,Low Engagement,0,447.35,100,0,Medium Engagement,181+ Days
C0220,2024-07-16,2024-08-11,26,Enterprise,Basic,APAC,Mobile,Referral,14,9.32,38,31.8,204.3,348.77,1,2024-09-03,Better Alternative,0,204.3,100,0,Medium Engagement,0–30 Days
C0221,2024-09-03,2025-08-08,339,Individual,Standard,US,Mobile,Referral,31,8.07,71,37.0,373.67,1186.57,1,2025-08-29,Service Issues,0,373.67,100,0,Medium Engagement,181+ Days
C0222,2024-11-19,2025-01-24,66,SMB,Basic,EU,Mobile,Organic,5,3.93,17,13.4,248.45,448.58,0,,Unknown,1,0.0,0,100,Low Engagement,31–90 Days
C0223,2024-07-21,2025-06-06,320,SMB,Premium,EU,Mobile,Organic,43,8.35,76,40.9,78.84,131.34,0,,Unknown,1,0.0,0,100,Medium Engagement,181+ Days
C0224,2024-07-02,2025-05-10,312,Individual,Basic,EU,Mobile,Paid,42,4.68,44,26.7,465.41,1295.49,1,2025-06-05,Low Engagement,0,465.41,100,0,Medium Engagement,181+ Days
C0225,2024-05-02,2024-05-23,21,SMB,Standard,APAC,Desktop,Paid,34,3.94,87,29.7,237.97,581.57,0,,Unknown,1,0.0,0,100,Medium Engagement,0–30 Days
C0226,2024-09-11,2025-08-04,327,Individual,Basic,US,Mobile,Referral,33,7.7,86,38.8,372.55,1235.29,1,2025-08-19,Price,0,372.55,100,0,Medium Engagement,181+ Days
C0227,2024-10-20,2025-01-17,89,Individual,Basic,EU,Desktop,Paid,37,1.72,11,13.4,196.24,436.9,1,2025-02-06,Better Alternative,0,196.24,100,0,Low Engagement,31–90 Days
C0228,2024-10-06,2025-05-19,225,Individual,Standard,APAC,Mobile,Organic,4,1.44,48,11.6,29.06,60.28,1,2025-05-23,Price,0,29.06,100,0,Low Engagement,181+ Days
C0229,2024-11-20,2025-11-03,348,SMB,Basic,EU,Mobile,Organic,17,5.03,93,29.9,68.25,170.73,1,2025-11-24,Price,0,68.25,100,0,Medium Engagement,181+ Days
C0230,2024-04-07,2025-01-05,273,Individual,Premium,US,Mobile,Organic,15,5.01,30,20.0,258.19,622.73,1,2025-01-20,Price,0,258.19,100,0,Low Engagement,181+ Days
C0231,2024-07-16,2024-12-21,158,Enterprise,Premium,EU,Mobile,Organic,7,9.06,91,37.7,351.18,768.68,1,2025-01-09,Better Alternative,0,351.18,100,0,Medium Engagement,91–180 Days
C0232,2024-08-27,2024-11-25,90,SMB,Premium,US,Mobile,Organic,24,2.14,21,13.3,180.67,521.68,0,,Unknown,1,0.0,0,100,Low Engagement,31–90 Days
C0233,2024-05-23,2025-01-02,224,SMB,Basic,US,Mobile,Referral,31,2.11,43,17.9,353.83,1068.26,0,,Unknown,1,0.0,0,100,Low Engagement,181+ Days
C0234,2024-04-06,2024-10-30,207,Individual,Standard,EU,Mobile,Referral,25,2.33,91,24.5,355.35,1139.24,1,2024-11-13,Better Alternative,0,355.35,100,0,Low Engagement,181+ Days
C0235,2024-07-19,2025-02-13,209,SMB,Basic,EU,Mobile,Organic,21,1.27,63,16.8,357.89,1233.19,1,2025-03-04,Low Engagement,0,357.89,100,0,Low Engagement,181+ Days
C0236,2024-05-03,2024-06-06,34,SMB,Premium,US,Desktop,Paid,30,1.65,76,21.5,256.41,521.36,1,2024-07-04,Low Engagement,0,256.41,100,0,Low Engagement,31–90 Days
C0237,2024-07-05,2024-10-11,98,SMB,Standard,APAC,Mobile,Organic,42,6.94,24,29.4,459.15,1346.31,1,2024-10-17,Price,0,459.15,100,0,Medium Engagement,91–180 Days
C0238,2024-11-21,2025-08-25,277,Individual,Premium,US,Desktop,Referral,9,4.88,50,21.5,254.81,583.14,1,2025-09-11,Low Engagement,0,254.81,100,0,Low Engagement,181+ Days
C0239,2024-12-14,2025-05-15,152,Individual,Basic,EU,Mobile,Organic,11,7.87,6,22.8,236.13,673.95,1,2025-06-05,Low Engagement,0,236.13,100,0,Low Engagement,91–180 Days
C0240,2024-09-15,2024-11-22,68,Individual,Standard,EU,Desktop,Referral,27,9.93,5,31.0,115.7,283.69,1,2024-11-27,Better Alternative,0,115.7,100,0,Medium Engagement,31–90 Days
C0241,2024-05-27,2024-07-01,35,SMB,Basic,APAC,Mobile,Referral,5,6.93,23,21.8,167.67,584.76,0,,Unknown,1,0.0,0,100,Low Engagement,31–90 Days
C0242,2024-09-08,2024-11-03,56,SMB,Standard,US,Mobile,Organic,19,1.45,18,10.1,40.32,119.26,1,2024-11-04,Price,0,40.32,100,0,Low Engagement,31–90 Days
C0243,2024-12-11,2025-10-04,297,Individual,Basic,US,Mobile,Organic,4,1.94,82,18.0,324.1,1103.55,1,2025-10-23,Low Engagement,0,324.1,100,0,Low Engagement,181+ Days
C0244,2024-05-26,2025-02-25,275,Enterprise,Standard,US,Desktop,Paid,22,8.93,99,41.6,139.3,441.57,1,2025-02-26,Price,0,139.3,100,0,Medium Engagement,181+ Days
C0245,2024-05-27,2024-06-21,25,SMB,Standard,EU,Desktop,Referral,8,5.75,8,17.2,165.99,548.73,1,2024-07-02,Better Alternative,0,165.99,100,0,Low Engagement,0–30 Days
C0246,2024-12-17,2025-07-13,208,Individual,Standard,US,Desktop,Paid,28,8.42,35,31.9,389.99,1220.22,0,,Unknown,1,0.0,0,100,Medium Engagement,181+ Days
C0247,2024-07-17,2025-05-04,291,Individual,Basic,APAC,Desktop,Organic,15,8.71,39,30.6,177.07,428.21,1,2025-05-11,Service Issues,0,177.07,100,0,Medium Engagement,181+ Days
C0248,2024-11-03,2025-02-06,95,Individual,Standard,EU,Mobile,Referral,45,9.35,92,46.2,136.25,272.99,0,,Unknown,1,0.0,0,100,Medium Engagement,91–180 Days
C0249,2024-05-07,2025-01-21,259,Individual,Basic,EU,Mobile,Paid,21,9.55,23,31.5,101.15,226.64,0,,Unknown,1,0.0,0,100,Medium Engagement,181+ Days
C0250,2024-02-08,2024-11-13,279,Individual,Basic,US,Mobile,Paid,7,5.99,47,23.4,391.93,603.76,1,2024-11-16,Low Engagement,0,391.93,100,0,Low Engagement,181+ Days
C0251,2024-12-03,2025-11-12,344,SMB,Basic,APAC,Desktop,Paid,19,4.07,62,23.3,82.26,209.6,1,2025-12-07,Price,0,82.26,100,0,Low Engagement,181+ Days
C0252,2024-12-25,2025-04-30,126,Enterprise,Basic,EU,Mobile,Organic,13,9.66,68,37.0,237.8,596.91,0,,Unknown,1,0.0,0,100,Medium Engagement,91–180 Days
C0253,2024-05-08,2024-05-24,16,Individual,Basic,EU,Desktop,Organic,38,5.93,52,30.2,263.33,671.62,0,,Unknown,1,0.0,0,100,Medium Engagement,0–30 Days
C0254,2024-09-23,2025-02-16,146,SMB,Standard,US,Desktop,Organic,36,1.58,53,19.1,349.95,1206.65,1,2025-02-24,Price,0,349.95,100,0,Low Engagement,91–180 Days
C0255,2024-05-30,2024-12-01,185,Individual,Basic,US,Desktop,Referral,49,6.78,41,32.9,323.98,1076.56,0,,Unknown,1,0.0,0,100,Medium Engagement,181+ Days
C0256,2024-10-24,2025-09-26,337,Enterprise,Basic,APAC,Desktop,Organic,33,6.29,44,28.9,409.15,746.05,0,,Unknown,1,0.0,0,100,Medium Engagement,181+ Days
C0257,2024-04-08,2025-02-26,324,Enterprise,Premium,US,Desktop,Referral,10,9.06,89,38.0,41.48,92.82,1,2025-03-11,Low Engagement,0,41.48,100,0,Medium Engagement,181+ Days
C0258,2024-09-19,2025-05-01,224,Individual,Basic,APAC,Mobile,Paid,39,6.88,13,27.0,162.29,381.04,1,2025-05-06,Low Engagement,0,162.29,100,0,Medium Engagement,181+ Days
C0259,2024-09-08,2024-12-08,91,Individual,Standard,EU,Desktop,Paid,32,4.14,28,21.0,154.46,343.07,0,,Unknown,1,0.0,0,100,Low Engagement,91–180 Days
C0260,2024-05-23,2025-01-10,232,Individual,Standard,APAC,Desktop,Organic,30,9.7,5,31.0,90.09,279.01,1,2025-02-03,Low Engagement,0,90.09,100,0,Medium Engagement,181+ Days
C0261,2024-12-11,2025-04-02,112,SMB,Premium,APAC,Mobile,Paid,43,8.21,6,30.0,158.81,404.66,1,2025-04-25,Better Alternative,0,158.81,100,0,Medium Engagement,91–180 Days
C0262,2024-04-21,2025-01-28,282,Individual,Standard,APAC,Desktop,Organic,33,6.67,36,28.7,168.69,446.05,1,2025-02-21,Price,0,168.69,100,0,Medium Engagement,181+ Days
C0263,2024-02-29,2024-03-23,23,SMB,Standard,EU,Desktop,Referral,49,3.64,52,26.7,270.5,867.23,1,2024-03-29,Better Alternative,0,270.5,100,0,Medium Engagement,0–30 Days
C0264,2024-01-02,2024-06-18,168,SMB,Premium,US,Mobile,Paid,6,4.36,17,14.7,338.58,1053.61,1,2024-07-10,Better Alternative,0,338.58,100,0,Low Engagement,91–180 Days
C0265,2024-10-30,2025-04-09,161,Enterprise,Basic,EU,Mobile,Organic,48,7.03,86,40.1,202.93,358.05,0,,Unknown,1,0.0,0,100,Medium Engagement,91–180 Days
C0266,2024-09-10,2025-01-05,117,Enterprise,Premium,US,Mobile,Paid,22,1.65,37,14.1,365.35,1069.68,1,2025-01-11,Price,0,365.35,100,0,Low Engagement,91–180 Days
C0267,2024-05-19,2024-12-02,197,Enterprise,Basic,APAC,Desktop,Paid,45,3.31,58,26.0,181.36,429.98,1,2024-12-10,Price,0,181.36,100,0,Medium Engagement,181+ Days
C0268,2024-02-06,2024-12-12,310,Individual,Premium,APAC,Mobile,Organic,6,7.43,0,19.8,159.34,332.91,1,2024-12-30,Better Alternative,0,159.34,100,0,Low Engagement,181+ Days
C0269,2024-06-08,2024-09-23,107,Individual,Basic,APAC,Mobile,Paid,24,5.32,67,28.2,279.77,447.64,1,2024-09-27,Price,0,279.77,100,0,Medium Engagement,91–180 Days
C0270,2024-01-09,2024-05-28,140,Individual,Standard,APAC,Mobile,Paid,2,4.62,43,18.4,31.38,77.65,1,2024-06-26,Price,0,31.38,100,0,Low Engagement,91–180 Days
C0271,2024-08-20,2025-06-18,302,SMB,Basic,APAC,Desktop,Paid,37,2.36,46,20.2,58.3,128.89,1,2025-06-21,Service Issues,0,58.3,100,0,Low Engagement,181+ Days
C0272,2024-04-08,2024-10-05,180,Individual,Standard,US,Mobile,Paid,19,4.98,34,21.4,220.63,441.93,1,2024-10-28,Price,0,220.63,100,0,Low Engagement,91–180 Days
C0273,2024-05-26,2024-12-04,192,Individual,Basic,US,Desktop,Referral,33,7.94,86,39.4,472.6,1365.5,1,2024-12-18,Better Alternative,0,472.6,100,0,Medium Engagement,181+ Days
C0274,2024-10-30,2024-12-17,48,Individual,Premium,APAC,Desktop,Paid,48,3.38,90,31.6,366.33,1113.27,1,2025-01-06,Price,0,366.33,100,0,Medium Engagement,31–90 Days
C0275,2024-07-26,2024-08-19,24,SMB,Premium,EU,Mobile,Paid,43,1.05,59,20.1,62.3,123.95,1,2024-08-25,Better Alternative,0,62.3,100,0,Low Engagement,0–30 Days
C0276,2024-05-10,2024-05-23,13,SMB,Basic,EU,Desktop,Organic,43,7.02,89,39.5,426.23,681.5,0,,Unknown,1,0.0,0,100,Medium Engagement,0–30 Days
C0277,2024-05-31,2025-05-24,358,SMB,Premium,APAC,Desktop,Referral,29,9.75,51,37.8,371.5,1187.87,1,2025-06-03,Low Engagement,0,371.5,100,0,Medium Engagement,181+ Days
C0278,2024-02-23,2024-09-29,219,SMB,Standard,US,Mobile,Organic,16,6.46,7,20.4,313.25,476.11,1,2024-10-22,Service Issues,0,313.25,100,0,Low Engagement,181+ Days
C0279,2024-04-29,2024-10-16,170,SMB,Standard,EU,Desktop,Organic,9,2.08,79,18.8,413.74,1396.05,1,2024-11-02,Low Engagement,0,413.74,100,0,Low Engagement,91–180 Days
C0280,2024-06-09,2024-07-04,25,Individual,Basic,EU,Mobile,Organic,34,3.89,40,22.5,213.97,589.54,1,2024-07-24,Service Issues,0,213.97,100,0,Low Engagement,0–30 Days
C0281,2024-04-25,2024-08-20,117,Enterprise,Basic,EU,Desktop,Referral,19,8.81,2,26.1,126.32,270.79,1,2024-08-29,Better Alternative,0,126.32,100,0,Medium Engagement,91–180 Days
C0282,2024-03-15,2025-01-29,320,SMB,Basic,APAC,Desktop,Organic,17,3.09,95,25.4,265.77,529.67,1,2025-02-10,Low Engagement,0,265.77,100,0,Medium Engagement,181+ Days
C0283,2024-04-22,2024-12-14,236,SMB,Basic,EU,Mobile,Organic,44,6.47,68,35.2,283.44,430.27,1,2025-01-09,Low Engagement,0,283.44,100,0,Medium Engagement,181+ Days
C0284,2024-04-13,2024-10-09,179,SMB,Premium,EU,Mobile,Organic,43,4.62,83,32.6,278.4,548.71,0,,Unknown,1,0.0,0,100,Medium Engagement,91–180 Days
C0285,2024-12-05,2025-01-17,43,SMB,Basic,EU,Desktop,Paid,26,2.87,13,14.3,291.24,517.08,0,,Unknown,1,0.0,0,100,Low Engagement,31–90 Days
C0286,2024-09-10,2025-05-28,260,SMB,Premium,EU,Desktop,Organic,48,8.32,95,44.7,475.38,1295.09,1,2025-06-15,Service Issues,0,475.38,100,0,Medium Engagement,181+ Days
C0287,2024-08-14,2025-04-27,256,SMB,Basic,US,Mobile,Referral,35,7.69,25,30.0,453.08,830.54,1,2025-05-03,Service Issues,0,453.08,100,0,Medium Engagement,181+ Days
C0288,2024-04-21,2025-01-24,278,Individual,Standard,APAC,Desktop,Referral,22,6.95,69,32.1,440.34,1126.06,1,2025-02-19,Better Alternative,0,440.34,100,0,Medium Engagement,181+ Days
C0289,2024-04-08,2024-09-05,150,Individual,Standard,APAC,Desktop,Paid,31,3.13,57,22.6,404.68,1084.64,0,,Unknown,1,0.0,0,100,Low Engagement,91–180 Days
C0290,2024-06-01,2025-03-11,283,SMB,Premium,US,Desktop,Referral,9,1.88,99,21.3,472.85,991.13,0,,Unknown,1,0.0,0,100,Low Engagement,181+ Days
C0291,2024-12-14,2025-03-29,105,Enterprise,Basic,US,Desktop,Referral,10,6.19,39,23.3,67.28,105.64,1,2025-04-10,Price,0,67.28,100,0,Low Engagement,91–180 Days
C0292,2024-12-03,2025-07-27,236,Individual,Basic,APAC,Mobile,Paid,37,5.98,50,29.8,147.26,231.86,1,2025-08-15,Low Engagement,0,147.26,100,0,Medium Engagement,181+ Days
C0293,2024-07-12,2024-08-29,48,SMB,Basic,EU,Mobile,Organic,5,2.7,4,8.4,257.63,400.02,1,2024-09-11,Better Alternative,0,257.63,100,0,Low Engagement,31–90 Days
C0294,2024-11-05,2025-09-12,311,SMB,Basic,EU,Mobile,Paid,40,1.51,76,23.2,426.34,1269.75,1,2025-09-24,Service Issues,0,426.34,100,0,Low Engagement,181+ Days
C0295,2024-06-11,2024-07-19,38,Individual,Basic,APAC,Mobile,Organic,46,1.73,31,18.2,262.48,560.66,1,2024-07-22,Service Issues,0,262.48,100,0,Low Engagement,31–90 Days
C0296,2024-07-26,2025-06-18,327,SMB,Basic,EU,Mobile,Organic,33,9.93,79,43.3,379.06,1172.28,1,2025-06-21,Low Engagement,0,379.06,100,0,Medium Engagement,181+ Days
C0297,2024-06-17,2025-02-26,254,Individual,Basic,US,Mobile,Referral,35,8.05,0,27.1,86.7,204.91,1,2025-03-16,Better Alternative,0,86.7,100,0,Medium Engagement,181+ Days
C0298,2024-06-09,2025-02-09,245,Enterprise,Standard,EU,Desktop,Paid,36,9.3,76,41.8,141.16,339.63,0,,Unknown,1,0.0,0,100,Medium Engagement,181+ Days
C0299,2024-03-08,2024-09-18,194,SMB,Basic,EU,Mobile,Referral,16,2.76,53,18.0,371.25,937.69,0,,Unknown,1,0.0,0,100,Low Engagement,181+ Days
C0300,2024-10-15,2025-07-23,281,SMB,Basic,EU,Desktop,Referral,39,9.65,10,33.4,99.07,289.89,1,2025-08-11,Price,0,99.07,100,0,Medium Engagement,181+ Days
C0301,2024-10-03,2025-06-05,245,Individual,Basic,APAC,Desktop,Organic,39,2.28,52,21.3,188.65,386.17,1,2025-07-03,Low Engagement,0,188.65,100,0,Low Engagement,181+ Days
C0302,2024-10-30,2025-07-05,248,SMB,Standard,US,Desktop,Referral,11,5.58,7,17.2,147.14,256.49,0,,Unknown,1,0.0,0,100,Low Engagement,181+ Days
C0303,2024-05-14,2025-02-13,275,SMB,Premium,EU,Mobile,Paid,20,8.47,24,28.8,187.93,490.89,1,2025-02-23,Price,0,187.93,100,0,Medium Engagement,181+ Days
C0304,2024-07-13,2025-06-27,349,Individual,Standard,APAC,Desktop,Referral,39,4.15,39,24.0,360.0,775.42,1,2025-07-12,Better Alternative,0,360.0,100,0,Low Engagement,181+ Days
C0305,2024-05-07,2024-07-20,74,Enterprise,Standard,EU,Mobile,Referral,18,4.82,31,20.3,196.57,468.82,1,2024-07-29,Service Issues,0,196.57,100,0,Low Engagement,31–90 Days
C0306,2024-02-02,2024-08-06,186,SMB,Basic,US,Desktop,Organic,2,2.15,87,18.8,286.53,800.53,1,2024-08-21,Better Alternative,0,286.53,100,0,Low Engagement,181+ Days
C0307,2024-06-24,2024-07-06,12,Individual,Standard,EU,Desktop,Paid,17,2.11,27,12.7,67.97,169.13,1,2024-07-22,Service Issues,0,67.97,100,0,Low Engagement,0–30 Days
C0308,2024-01-22,2024-06-21,151,SMB,Basic,US,Mobile,Referral,18,6.58,77,31.6,406.41,1113.79,1,2024-07-08,Price,0,406.41,100,0,Medium Engagement,91–180 Days
C0309,2024-08-25,2025-02-08,167,Individual,Basic,EU,Desktop,Organic,46,7.08,2,27.2,197.55,511.34,1,2025-02-09,Better Alternative,0,197.55,100,0,Medium Engagement,91–180 Days
C0310,2024-06-06,2025-05-05,333,Individual,Standard,US,Desktop,Referral,5,8.0,99,35.8,331.3,987.14,1,2025-05-26,Better Alternative,0,331.3,100,0,Medium Engagement,181+ Days
C0311,2024-02-07,2024-07-11,155,Individual,Premium,EU,Desktop,Paid,15,6.01,90,31.5,368.19,1072.12,1,2024-07-29,Service Issues,0,368.19,100,0,Medium Engagement,91–180 Days
C0312,2024-08-17,2025-06-15,302,Enterprise,Basic,US,Desktop,Referral,7,6.81,83,30.9,120.64,309.85,1,2025-07-01,Low Engagement,0,120.64,100,0,Medium Engagement,181+ Days
C0313,2024-12-30,2025-06-10,162,Individual,Standard,EU,Mobile,Referral,47,1.12,78,23.9,444.64,1270.69,0,,Unknown,1,0.0,0,100,Low Engagement,91–180 Days
C0314,2024-02-20,2024-09-09,202,SMB,Standard,EU,Desktop,Organic,17,2.46,61,18.7,315.79,1025.41,1,2024-09-10,Better Alternative,0,315.79,100,0,Low Engagement,181+ Days
C0315,2024-09-20,2024-12-11,82,Individual,Basic,APAC,Desktop,Referral,47,9.86,26,37.9,225.79,533.89,1,2024-12-26,Better Alternative,0,225.79,100,0,Medium Engagement,31–90 Days
C0316,2024-10-09,2025-08-19,314,SMB,Basic,APAC,Mobile,Organic,42,1.68,44,19.2,107.52,250.04,1,2025-09-16,Price,0,107.52,100,0,Low Engagement,181+ Days
C0317,2024-01-27,2025-01-14,353,SMB,Basic,US,Desktop,Paid,38,7.11,91,39.0,472.3,1430.36,1,2025-01-17,Better Alternative,0,472.3,100,0,Medium Engagement,181+ Days
C0318,2024-08-13,2025-01-09,149,SMB,Basic,EU,Desktop,Referral,48,2.58,24,19.6,382.43,1019.22,1,2025-01-15,Better Alternative,0,382.43,100,0,Low Engagement,91–180 Days
C0319,2024-10-03,2025-04-17,196,Individual,Basic,US,Desktop,Paid,48,7.45,60,37.2,119.85,196.8,0,,Unknown,1,0.0,0,100,Medium Engagement,181+ Days
C0320,2024-10-12,2025-08-10,302,Individual,Basic,APAC,Desktop,Paid,11,7.35,43,27.0,182.1,598.06,1,2025-08-16,Better Alternative,0,182.1,100,0,Medium Engagement,181+ Days
C0321,2024-04-06,2024-06-15,70,SMB,Basic,US,Mobile,Referral,44,3.11,96,31.0,408.64,638.12,1,2024-06-22,Better Alternative,0,408.64,100,0,Medium Engagement,31–90 Days
C0322,2024-10-10,2025-05-05,207,SMB,Standard,US,Desktop,Organic,9,3.43,45,17.1,353.93,1060.65,1,2025-06-01,Price,0,353.93,100,0,Low Engagement,181+ Days
C0323,2024-11-12,2025-09-12,304,Individual,Standard,APAC,Mobile,Paid,6,6.89,13,20.4,387.58,1169.56,1,2025-10-05,Low Engagement,0,387.58,100,0,Low Engagement,181+ Days
C0324,2024-10-30,2025-09-23,328,Enterprise,Premium,EU,Desktop,Paid,45,4.51,7,21.3,231.78,789.49,1,2025-10-15,Price,0,231.78,100,0,Low Engagement,181+ Days
C0325,2024-05-26,2025-04-02,311,SMB,Basic,US,Desktop,Referral,0,2.75,47,13.9,363.91,585.27,1,2025-04-26,Price,0,363.91,100,0,Low Engagement,181+ Days
C0326,2024-01-04,2024-12-22,353,Individual,Standard,APAC,Desktop,Referral,48,7.59,13,30.5,205.52,553.61,1,2025-01-12,Low Engagement,0,205.52,100,0,Medium Engagement,181+ Days
C0327,2024-02-04,2024-02-24,20,Enterprise,Premium,EU,Mobile,Referral,35,2.39,64,22.6,121.41,286.0,1,2024-03-14,Better Alternative,0,121.41,100,0,Low Engagement,0–30 Days
C0328,2024-07-10,2024-09-19,71,Individual,Standard,APAC,Desktop,Referral,20,8.7,79,37.6,323.68,699.56,1,2024-09-27,Service Issues,0,323.68,100,0,Medium Engagement,31–90 Days
C0329,2024-02-18,2025-01-25,342,SMB,Basic,US,Desktop,Referral,36,5.63,81,33.4,488.49,820.97,1,2025-02-14,Service Issues,0,488.49,100,0,Medium Engagement,181+ Days
C0330,2024-01-17,2024-09-08,235,Enterprise,Standard,EU,Mobile,Referral,23,1.95,6,10.4,169.09,443.91,1,2024-09-29,Price,0,169.09,100,0,Low Engagement,181+ Days
C0331,2024-06-20,2024-11-29,162,Enterprise,Basic,EU,Mobile,Organic,24,7.25,78,34.6,241.27,593.06,1,2024-12-10,Price,0,241.27,100,0,Medium Engagement,91–180 Days
C0332,2024-08-07,2025-03-03,208,Individual,Basic,APAC,Mobile,Paid,6,5.67,87,28.4,343.52,587.11,1,2025-03-06,Better Alternative,0,343.52,100,0,Medium Engagement,181+ Days
C0333,2024-06-06,2024-08-06,61,Enterprise,Standard,APAC,Mobile,Organic,41,3.68,48,24.6,279.92,762.78,1,2024-08-29,Better Alternative,0,279.92,100,0,Low Engagement,31–90 Days
C0334,2024-02-15,2024-11-10,269,Individual,Standard,APAC,Desktop,Organic,16,4.8,54,23.3,424.85,1264.31,1,2024-11-24,Better Alternative,0,424.85,100,0,Low Engagement,181+ Days
C0335,2024-01-06,2024-03-14,68,SMB,Basic,EU,Desktop,Referral,28,3.69,12,16.6,385.64,1170.25,0,,Unknown,1,0.0,0,100,Low Engagement,31–90 Days
C0336,2024-04-08,2024-06-28,81,Individual,Premium,EU,Desktop,Paid,29,3.37,72,25.0,47.98,158.85,0,,Unknown,1,0.0,0,100,Low Engagement,31–90 Days
C0337,2024-08-20,2025-01-24,157,Enterprise,Standard,US,Desktop,Organic,6,2.47,55,15.6,499.24,1157.71,1,2025-02-02,Price,0,499.24,100,0,Low Engagement,91–180 Days
C0338,2024-02-06,2025-01-29,358,SMB,Basic,EU,Mobile,Referral,32,4.26,55,25.3,381.15,1298.25,1,2025-01-30,Price,0,381.15,100,0,Medium Engagement,181+ Days
C0339,2024-10-06,2024-12-17,72,Individual,Premium,US,Desktop,Referral,6,3.26,14,11.4,434.67,1404.36,1,2025-01-12,Service Issues,0,434.67,100,0,Low Engagement,31–90 Days
C0340,2024-12-14,2025-10-29,319,SMB,Basic,APAC,Desktop,Paid,23,7.15,56,30.9,332.57,696.07,1,2025-11-10,Better Alternative,0,332.57,100,0,Medium Engagement,181+ Days
C0341,2024-10-28,2025-07-07,252,SMB,Premium,APAC,Desktop,Organic,10,7.15,57,28.4,431.02,783.84,1,2025-07-28,Price,0,431.02,100,0,Medium Engagement,181+ Days
C0342,2024-06-29,2025-06-03,339,Individual,Standard,EU,Desktop,Organic,8,5.52,34,20.5,73.94,175.3,1,2025-06-23,Service Issues,0,73.94,100,0,Low Engagement,181+ Days
C0343,2024-04-04,2024-07-29,116,Enterprise,Basic,APAC,Mobile,Organic,11,8.0,87,35.2,186.91,430.6,0,,Unknown,1,0.0,0,100,Medium Engagement,91–180 Days
C0344,2024-04-08,2024-11-29,235,Individual,Standard,APAC,Desktop,Referral,34,8.57,96,42.6,440.68,1168.44,0,,Unknown,1,0.0,0,100,Medium Engagement,181+ Days
C0345,2024-07-06,2025-05-24,322,SMB,Standard,EU,Desktop,Paid,3,6.22,15,18.4,116.79,311.45,1,2025-06-10,Better Alternative,0,116.79,100,0,Low Engagement,181+ Days
C0346,2024-04-25,2024-12-08,227,Individual,Standard,US,Desktop,Paid,35,6.57,7,24.5,57.56,172.68,1,2024-12-10,Low Engagement,0,57.56,100,0,Low Engagement,181+ Days
C0347,2024-07-09,2025-03-16,250,SMB,Premium,EU,Mobile,Organic,27,3.55,92,28.1,398.3,1003.63,1,2025-04-01,Service Issues,0,398.3,100,0,Medium Engagement,181+ Days
C0348,2024-09-09,2025-06-04,268,SMB,Standard,US,Mobile,Referral,12,9.05,86,37.9,421.03,719.81,0,,Unknown,1,0.0,0,100,Medium Engagement,181+ Days
C0349,2024-06-09,2025-03-07,271,Individual,Standard,EU,Desktop,Organic,22,1.22,44,14.0,98.07,315.45,1,2025-03-15,Low Engagement,0,98.07,100,0,Low Engagement,181+ Days
C0350,2024-09-12,2024-09-26,14,Individual,Premium,EU,Desktop,Paid,18,4.14,94,28.0,430.09,911.59,0,,Unknown,1,0.0,0,100,Medium Engagement,0–30 Days
C0351,2024-11-18,2025-08-15,270,Enterprise,Standard,APAC,Desktop,Referral,41,7.5,39,32.8,349.65,1203.7,1,2025-08-29,Price,0,349.65,100,0,Medium Engagement,181+ Days
C0352,2024-05-07,2024-07-09,63,SMB,Basic,EU,Mobile,Organic,36,1.72,53,19.4,269.64,468.02,1,2024-07-24,Service Issues,0,269.64,100,0,Low Engagement,31–90 Days
C0353,2024-01-18,2024-03-14,56,Individual,Premium,EU,Desktop,Organic,38,2.65,13,16.2,418.52,1429.87,1,2024-03-23,Low Engagement,0,418.52,100,0,Low Engagement,31–90 Days
C0354,2024-10-07,2025-05-19,224,Enterprise,Basic,US,Desktop,Referral,23,6.3,58,29.0,221.24,372.13,1,2025-06-05,Low Engagement,0,221.24,100,0,Medium Engagement,181+ Days
C0355,2024-08-10,2025-02-12,186,Individual,Standard,APAC,Desktop,Paid,15,6.04,93,32.0,113.12,221.95,1,2025-02-22,Price,0,113.12,100,0,Medium Engagement,181+ Days
C0356,2024-02-23,2024-03-12,18,Individual,Premium,US,Mobile,Referral,32,7.65,52,33.3,156.73,249.7,1,2024-03-14,Service Issues,0,156.73,100,0,Medium Engagement,0–30 Days
C0357,2024-02-27,2024-06-14,108,SMB,Standard,US,Desktop,Organic,11,8.31,26,26.9,262.48,763.88,1,2024-07-03,Price,0,262.48,100,0,Medium Engagement,91–180 Days
C0358,2024-11-18,2024-12-17,29,SMB,Standard,APAC,Desktop,Organic,33,2.16,46,18.9,275.04,880.29,1,2024-12-28,Price,0,275.04,100,0,Low Engagement,0–30 Days
C0359,2024-12-25,2025-09-01,250,Individual,Standard,APAC,Mobile,Organic,6,1.17,79,16.0,406.68,963.08,1,2025-09-11,Low Engagement,0,406.68,100,0,Low Engagement,181+ Days
C0360,2024-06-22,2024-08-31,70,SMB,Basic,APAC,Mobile,Organic,10,7.21,5,20.8,399.85,1342.31,1,2024-09-23,Service Issues,0,399.85,100,0,Low Engagement,31–90 Days
C0361,2024-10-06,2025-04-11,187,SMB,Premium,EU,Desktop,Paid,30,3.71,54,23.4,299.06,801.66,1,2025-04-17,Service Issues,0,299.06,100,0,Low Engagement,181+ Days
C0362,2024-04-23,2025-04-05,347,Individual,Basic,APAC,Mobile,Paid,28,6.63,96,36.6,394.78,1089.6,1,2025-05-03,Better Alternative,0,394.78,100,0,Medium Engagement,181+ Days
C0363,2024-10-14,2024-12-24,71,Enterprise,Basic,APAC,Desktop,Organic,12,2.35,43,14.7,112.05,357.53,1,2025-01-11,Service Issues,0,112.05,100,0,Low Engagement,31–90 Days
C0364,2024-12-07,2025-05-10,154,Individual,Basic,APAC,Mobile,Paid,30,5.22,17,21.6,44.03,92.18,1,2025-05-28,Price,0,44.03,100,0,Low Engagement,91–180 Days
C0365,2024-05-30,2025-01-10,225,Enterprise,Standard,US,Mobile,Paid,1,5.54,15,16.3,439.34,970.3,1,2025-02-07,Better Alternative,0,439.34,100,0,Low Engagement,181+ Days
C0366,2024-05-06,2024-05-18,12,Enterprise,Standard,US,Desktop,Paid,38,6.27,11,24.9,56.27,186.36,0,,Unknown,1,0.0,0,100,Low Engagement,0–30 Days
C0367,2024-06-03,2024-11-19,169,SMB,Premium,EU,Desktop,Organic,14,5.62,19,19.7,138.41,457.02,1,2024-12-04,Service Issues,0,138.41,100,0,Low Engagement,91–180 Days
C0368,2024-09-29,2025-05-23,236,SMB,Basic,US,Desktop,Referral,10,5.46,44,22.2,353.75,1221.49,1,2025-06-02,Price,0,353.75,100,0,Low Engagement,181+ Days
C0369,2024-04-13,2025-01-16,278,SMB,Basic,EU,Mobile,Referral,33,3.99,63,26.0,216.54,715.38,1,2025-01-21,Better Alternative,0,216.54,100,0,Medium Engagement,181+ Days
C0370,2024-10-25,2025-03-03,129,SMB,Basic,US,Desktop,Referral,38,1.64,58,20.4,440.63,773.19,0,,Unknown,1,0.0,0,100,Low Engagement,91–180 Days
C0371,2024-09-02,2024-12-09,98,Individual,Basic,APAC,Desktop,Organic,3,1.81,92,18.9,163.03,513.13,1,2025-01-01,Low Engagement,0,163.03,100,0,Low Engagement,91–180 Days
C0372,2024-06-24,2025-05-28,338,SMB,Standard,US,Desktop,Paid,10,4.9,93,28.2,25.7,59.62,1,2025-06-12,Low Engagement,0,25.7,100,0,Medium Engagement,181+ Days
C0373,2024-02-08,2024-04-25,77,Enterprise,Basic,EU,Desktop,Paid,28,4.2,89,29.4,164.31,572.06,1,2024-05-19,Price,0,164.31,100,0,Medium Engagement,31–90 Days
C0374,2024-06-18,2024-10-03,107,SMB,Basic,US,Desktop,Organic,1,5.65,21,17.5,297.48,727.21,1,2024-10-15,Better Alternative,0,297.48,100,0,Low Engagement,91–180 Days
C0375,2024-09-03,2025-06-06,276,SMB,Basic,APAC,Mobile,Organic,15,3.74,96,26.8,200.45,522.71,1,2025-06-11,Price,0,200.45,100,0,Medium Engagement,181+ Days
C0376,2024-01-26,2024-05-19,114,Enterprise,Basic,EU,Desktop,Referral,38,7.19,46,32.5,276.74,708.33,1,2024-06-12,Low Engagement,0,276.74,100,0,Medium Engagement,91–180 Days
C0377,2024-12-20,2025-11-17,332,SMB,Basic,APAC,Desktop,Referral,12,8.78,28,28.6,440.77,944.78,0,,Unknown,1,0.0,0,100,Medium Engagement,181+ Days
C0378,2024-11-01,2025-03-13,132,SMB,Basic,APAC,Mobile,Organic,36,3.69,85,29.2,457.99,755.7,0,,Unknown,1,0.0,0,100,Medium Engagement,91–180 Days
C0379,2024-01-13,2024-02-20,38,SMB,Standard,EU,Desktop,Referral,16,2.74,44,16.6,147.67,486.03,1,2024-03-16,Low Engagement,0,147.67,100,0,Low Engagement,31–90 Days
C0380,2024-11-11,2025-04-06,146,SMB,Premium,APAC,Desktop,Paid,20,2.05,76,20.5,241.83,750.97,1,2025-04-14,Low Engagement,0,241.83,100,0,Low Engagement,91–180 Days
C0381,2024-11-08,2025-05-31,204,Individual,Standard,APAC,Desktop,Organic,43,6.55,8,26.2,283.59,504.52,1,2025-06-20,Price,0,283.59,100,0,Medium Engagement,181+ Days
C0382,2024-02-05,2024-09-27,235,SMB,Premium,US,Desktop,Organic,18,4.99,23,19.5,475.57,1452.17,0,,Unknown,1,0.0,0,100,Low Engagement,181+ Days
C0383,2024-06-21,2025-05-28,341,SMB,Basic,APAC,Desktop,Paid,6,2.69,14,10.0,499.34,1374.03,1,2025-06-13,Service Issues,0,499.34,100,0,Low Engagement,181+ Days
C0384,2024-01-20,2024-07-17,179,Individual,Standard,APAC,Mobile,Paid,37,6.88,35,29.8,133.0,308.33,0,,Unknown,1,0.0,0,100,Medium Engagement,91–180 Days
C0385,2024-11-16,2024-12-04,18,SMB,Premium,APAC,Mobile,Paid,7,2.34,12,9.0,368.95,740.87,1,2024-12-13,Low Engagement,0,368.95,100,0,Low Engagement,0–30 Days
C0386,2024-09-20,2024-11-08,49,Individual,Basic,APAC,Mobile,Referral,12,5.99,90,30.9,201.45,648.56,1,2024-11-24,Low Engagement,0,201.45,100,0,Medium Engagement,31–90 Days
C0387,2024-05-21,2024-06-24,34,Enterprise,Premium,EU,Desktop,Organic,36,5.74,43,28.0,23.89,69.29,0,,Unknown,1,0.0,0,100,Medium Engagement,31–90 Days
C0388,2024-05-22,2025-02-16,270,Enterprise,Basic,US,Mobile,Referral,1,7.61,70,29.7,24.44,63.43,1,2025-02-25,Low Engagement,0,24.44,100,0,Medium Engagement,181+ Days
C0389,2024-04-01,2024-11-22,235,Enterprise,Basic,APAC,Desktop,Paid,40,1.5,71,22.4,241.07,655.5,1,2024-12-18,Better Alternative,0,241.07,100,0,Low Engagement,181+ Days
C0390,2024-12-19,2025-05-01,133,SMB,Basic,APAC,Desktop,Referral,10,8.99,77,36.0,254.4,427.93,1,2025-05-28,Service Issues,0,254.4,100,0,Medium Engagement,91–180 Days
C0391,2024-11-17,2025-01-03,47,Individual,Standard,EU,Desktop,Paid,23,7.33,75,34.2,30.83,75.47,1,2025-01-22,Better Alternative,0,30.83,100,0,Medium Engagement,31–90 Days
C0392,2024-10-14,2025-09-16,337,SMB,Standard,APAC,Mobile,Referral,5,2.95,35,13.6,349.73,660.08,1,2025-09-22,Low Engagement,0,349.73,100,0,Low Engagement,181+ Days
C0393,2024-08-02,2025-04-19,260,Individual,Standard,EU,Mobile,Referral,25,2.65,60,20.6,161.12,308.83,1,2025-05-04,Price,0,161.12,100,0,Low Engagement,181+ Days
C0394,2024-12-07,2025-06-10,185,SMB,Basic,US,Mobile,Paid,6,4.88,80,25.4,288.75,815.03,1,2025-06-25,Price,0,288.75,100,0,Medium Engagement,181+ Days
C0395,2024-02-20,2024-05-29,99,Enterprise,Basic,US,Desktop,Referral,38,8.36,39,34.4,164.44,546.35,0,,Unknown,1,0.0,0,100,Medium Engagement,91–180 Days
C0396,2024-06-01,2024-07-17,46,Enterprise,Basic,APAC,Mobile,Organic,18,8.59,92,38.9,100.22,231.26,0,,Unknown,1,0.0,0,100,Medium Engagement,31–90 Days
C0397,2024-07-04,2025-05-25,325,SMB,Basic,APAC,Desktop,Referral,5,5.68,26,19.1,215.44,412.68,1,2025-06-16,Price,0,215.44,100,0,Low Engagement,181+ Days
C0398,2024-03-03,2024-09-04,185,SMB,Premium,APAC,Mobile,Referral,42,8.75,0,30.3,131.49,367.84,0,,Unknown,1,0.0,0,100,Medium Engagement,181+ Days
C0399,2024-07-08,2025-04-27,293,Individual,Basic,EU,Mobile,Organic,28,1.05,33,13.2,276.7,897.16,1,2025-05-11,Price,0,276.7,100,0,Low Engagement,181+ Days
C0400,2024-05-04,2024-08-02,90,Individual,Premium,APAC,Desktop,Paid,42,1.32,67,21.8,115.44,345.93,1,2024-08-04,Low Engagement,0,115.44,100,0,Low Engagement,31–90 Days
C0401,2024-05-29,2024-09-29,123,SMB,Premium,APAC,Desktop,Organic,38,9.21,87,43.7,264.03,854.8,1,2024-10-22,Service Issues,0,264.03,100,0,Medium Engagement,91–180 Days
C0402,2024-11-09,2024-12-28,49,Individual,Basic,US,Mobile,Referral,1,7.98,20,23.2,95.54,245.83,0,,Unknown,1,0.0,0,100,Low Engagement,31–90 Days
C0403,2024-02-27,2025-01-02,310,Individual,Standard,APAC,Mobile,Paid,18,5.06,32,21.0,342.07,1027.49,0,,Unknown,1,0.0,0,100,Low Engagement,181+ Days
C0404,2024-12-07,2025-07-28,233,Individual,Basic,US,Mobile,Referral,3,7.78,6,21.0,381.89,679.81,1,2025-08-17,Low Engagement,0,381.89,100,0,Low Engagement,181+ Days
C0405,2024-10-31,2025-09-23,327,SMB,Basic,APAC,Desktop,Referral,5,9.6,64,34.6,72.99,160.33,1,2025-10-12,Service Issues,0,72.99,100,0,Medium Engagement,181+ Days
C0406,2024-06-28,2025-06-21,358,Individual,Basic,US,Desktop,Organic,48,7.95,2,29.8,244.55,557.35,1,2025-07-11,Better Alternative,0,244.55,100,0,Medium Engagement,181+ Days
C0407,2024-06-18,2024-10-20,124,SMB,Standard,APAC,Mobile,Organic,36,8.58,50,36.2,54.02,136.27,1,2024-11-16,Service Issues,0,54.02,100,0,Medium Engagement,91–180 Days
C0408,2024-11-21,2025-06-04,195,Individual,Basic,US,Mobile,Paid,27,7.85,78,36.7,307.13,1031.39,1,2025-06-28,Price,0,307.13,100,0,Medium Engagement,181+ Days
C0409,2024-09-27,2025-08-25,332,Enterprise,Standard,EU,Desktop,Paid,29,2.51,94,26.2,146.91,477.25,1,2025-09-19,Low Engagement,0,146.91,100,0,Medium Engagement,181+ Days
C0410,2024-02-23,2024-04-28,65,SMB,Standard,US,Mobile,Paid,6,8.5,53,30.4,273.26,483.41,0,,Unknown,1,0.0,0,100,Medium Engagement,31–90 Days
C0411,2024-04-10,2024-05-29,49,Individual,Basic,US,Desktop,Referral,8,2.76,79,20.4,268.38,495.32,1,2024-06-21,Better Alternative,0,268.38,100,0,Low Engagement,31–90 Days
C0412,2024-09-20,2025-09-18,363,SMB,Standard,US,Desktop,Organic,24,9.03,73,38.3,463.69,1027.2,0,,Unknown,1,0.0,0,100,Medium Engagement,181+ Days
C0413,2024-02-22,2024-04-11,49,Individual,Standard,APAC,Desktop,Organic,32,5.13,92,33.0,283.56,590.23,1,2024-05-09,Low Engagement,0,283.56,100,0,Medium Engagement,31–90 Days
C0414,2024-02-29,2025-02-19,356,Individual,Basic,APAC,Desktop,Organic,0,7.09,58,26.4,299.84,818.43,1,2025-03-18,Service Issues,0,299.84,100,0,Medium Engagement,181+ Days
C0415,2024-04-17,2024-12-19,246,Individual,Basic,APAC,Desktop,Paid,5,5.48,5,15.4,212.79,703.39,1,2025-01-16,Low Engagement,0,212.79,100,0,Low Engagement,181+ Days
C0416,2024-01-05,2024-10-29,298,SMB,Standard,EU,Desktop,Organic,17,1.85,28,12.2,475.56,1628.59,1,2024-11-22,Better Alternative,0,475.56,100,0,Low Engagement,181+ Days
C0417,2024-04-12,2025-01-08,271,Individual,Basic,EU,Mobile,Organic,9,3.62,16,13.3,393.05,1103.37,1,2025-01-13,Low Engagement,0,393.05,100,0,Low Engagement,181+ Days
C0418,2024-07-14,2025-02-24,225,SMB,Standard,US,Desktop,Organic,27,9.85,59,38.9,156.99,498.65,1,2025-03-08,Low Engagement,0,156.99,100,0,Medium Engagement,181+ Days
C0419,2024-09-18,2025-02-21,156,SMB,Basic,EU,Desktop,Paid,10,9.65,21,29.3,425.22,1084.48,0,,Unknown,1,0.0,0,100,Medium Engagement,91–180 Days
C0420,2024-12-30,2025-12-10,345,Individual,Basic,US,Mobile,Organic,32,3.88,23,19.6,227.55,436.13,1,2025-12-18,Price,0,227.55,100,0,Low Engagement,181+ Days
C0421,2024-12-15,2025-06-10,177,SMB,Basic,US,Desktop,Paid,0,9.97,80,36.9,417.76,1065.03,1,2025-06-16,Service Issues,0,417.76,100,0,Medium Engagement,91–180 Days
C0422,2024-02-16,2024-05-27,101,SMB,Basic,US,Mobile,Organic,12,8.61,84,36.5,414.99,1083.19,1,2024-06-21,Better Alternative,0,414.99,100,0,Medium Engagement,91–180 Days
C0423,2024-12-20,2025-12-17,362,Individual,Standard,EU,Desktop,Organic,36,6.5,50,31.0,110.66,330.31,0,,Unknown,1,0.0,0,100,Medium Engagement,181+ Days
C0424,2024-11-06,2025-01-13,68,SMB,Basic,APAC,Mobile,Organic,19,1.36,49,14.6,356.55,691.62,1,2025-01-25,Price,0,356.55,100,0,Low Engagement,31–90 Days
C0425,2024-11-03,2025-01-10,68,SMB,Standard,EU,Mobile,Paid,0,9.11,10,24.3,159.51,356.76,0,,Unknown,1,0.0,0,100,Low Engagement,31–90 Days
C0426,2024-05-23,2025-04-01,313,Individual,Premium,US,Desktop,Paid,2,6.02,55,23.7,162.8,362.73,1,2025-04-26,Low Engagement,0,162.8,100,0,Low Engagement,181+ Days
C0427,2024-09-25,2025-03-22,178,SMB,Standard,US,Desktop,Organic,17,8.82,70,36.0,162.25,554.71,1,2025-04-03,Better Alternative,0,162.25,100,0,Medium Engagement,91–180 Days
C0428,2024-05-03,2025-02-05,278,Individual,Standard,EU,Desktop,Referral,40,8.51,41,35.4,368.27,879.39,1,2025-02-17,Price,0,368.27,100,0,Medium Engagement,181+ Days
C0429,2024-04-15,2024-06-08,54,Individual,Basic,US,Desktop,Paid,13,8.5,38,29.6,130.32,392.29,0,,Unknown,1,0.0,0,100,Medium Engagement,31–90 Days
C0430,2024-06-06,2025-05-26,354,Individual,Basic,US,Mobile,Paid,30,7.28,68,34.4,20.43,61.32,1,2025-06-14,Price,0,20.43,100,0,Medium Engagement,181+ Days
C0431,2024-05-26,2024-12-02,190,Individual,Standard,EU,Mobile,Organic,26,3.62,47,21.3,363.31,737.91,1,2024-12-04,Service Issues,0,363.31,100,0,Low Engagement,181+ Days
C0432,2024-05-24,2024-11-19,179,SMB,Basic,EU,Mobile,Referral,16,4.03,56,21.7,102.17,270.11,1,2024-12-02,Price,0,102.17,100,0,Low Engagement,91–180 Days
C0433,2024-04-29,2024-11-15,200,SMB,Standard,EU,Desktop,Organic,45,3.78,20,21.4,70.15,230.7,1,2024-11-23,Better Alternative,0,70.15,100,0,Low Engagement,181+ Days
C0434,2024-11-14,2025-04-27,164,Individual,Basic,US,Mobile,Paid,28,1.18,81,20.7,134.01,328.38,0,,Unknown,1,0.0,0,100,Low Engagement,91–180 Days
C0435,2024-10-01,2025-04-16,197,Individual,Standard,US,Desktop,Paid,35,6.24,98,37.3,202.35,686.01,0,,Unknown,1,0.0,0,100,Medium Engagement,181+ Days
C0436,2024-04-01,2024-04-17,16,Enterprise,Premium,APAC,Desktop,Organic,36,7.29,19,28.3,248.44,479.22,0,,Unknown,1,0.0,0,100,Medium Engagement,0–30 Days
C0437,2024-02-27,2024-07-18,142,SMB,Premium,APAC,Mobile,Organic,25,8.68,14,28.8,41.39,68.22,1,2024-07-31,Service Issues,0,41.39,100,0,Medium Engagement,91–180 Days
C0438,2024-12-11,2025-08-12,244,SMB,Standard,EU,Desktop,Referral,16,2.26,68,19.0,485.88,1595.1,0,,Unknown,1,0.0,0,100,Low Engagement,181+ Days
C0439,2024-08-16,2024-10-09,54,SMB,Standard,APAC,Mobile,Referral,21,5.9,76,30.4,363.71,1162.19,0,,Unknown,1,0.0,0,100,Medium Engagement,31–90 Days
C0440,2024-04-26,2025-03-15,323,Individual,Standard,US,Desktop,Paid,24,1.07,50,15.0,175.13,610.36,1,2025-03-21,Low Engagement,0,175.13,100,0,Low Engagement,181+ Days
C0441,2024-11-13,2025-07-29,258,Enterprise,Standard,APAC,Mobile,Referral,1,1.86,75,16.1,172.97,494.48,0,,Unknown,1,0.0,0,100,Low Engagement,181+ Days
C0442,2024-10-05,2024-11-14,40,Individual,Basic,US,Desktop,Referral,21,1.49,61,17.1,235.3,793.76,1,2024-12-05,Service Issues,0,235.3,100,0,Low Engagement,31–90 Days
C0443,2024-05-06,2024-06-07,32,Individual,Basic,EU,Mobile,Paid,4,7.53,84,32.2,320.6,1011.14,0,,Unknown,1,0.0,0,100,Medium Engagement,31–90 Days
C0444,2024-05-08,2024-10-24,169,SMB,Basic,EU,Mobile,Paid,3,1.73,36,10.3,90.26,287.83,1,2024-11-05,Price,0,90.26,100,0,Low Engagement,91–180 Days
C0445,2024-02-27,2024-08-12,167,Individual,Premium,US,Desktop,Paid,35,7.45,5,26.4,110.69,292.03,0,,Unknown,1,0.0,0,100,Medium Engagement,91–180 Days
C0446,2024-05-01,2024-06-18,48,Enterprise,Basic,APAC,Desktop,Paid,5,3.25,70,19.6,432.53,979.56,1,2024-07-15,Better Alternative,0,432.53,100,0,Low Engagement,31–90 Days
C0447,2024-01-01,2024-04-01,91,Enterprise,Standard,EU,Mobile,Organic,20,8.9,25,30.0,143.0,481.78,1,2024-04-27,Better Alternative,0,143.0,100,0,Medium Engagement,91–180 Days
C0448,2024-08-26,2025-05-20,267,Individual,Standard,EU,Desktop,Paid,12,8.32,7,24.3,202.49,478.73,1,2025-06-13,Price,0,202.49,100,0,Low Engagement,181+ Days
C0449,2024-10-16,2025-05-19,215,Individual,Standard,APAC,Desktop,Paid,36,9.62,72,42.0,438.21,1129.55,1,2025-05-29,Better Alternative,0,438.21,100,0,Medium Engagement,181+ Days
C0450,2024-04-05,2024-06-30,86,Individual,Standard,APAC,Desktop,Paid,24,8.95,90,40.7,338.31,809.31,0,,Unknown,1,0.0,0,100,Medium Engagement,31–90 Days
C0451,2024-05-05,2024-05-26,21,SMB,Basic,US,Mobile,Referral,25,9.4,3,29.0,184.02,483.91,0,,Unknown,1,0.0,0,100,Medium Engagement,0–30 Days
C0452,2024-04-27,2025-02-25,304,SMB,Standard,APAC,Mobile,Paid,38,8.73,20,32.4,348.18,849.91,0,,Unknown,1,0.0,0,100,Medium Engagement,181+ Days
C0453,2024-02-17,2024-10-07,233,Individual,Premium,APAC,Desktop,Organic,19,7.24,30,26.4,29.45,47.0,1,2024-10-27,Low Engagement,0,29.45,100,0,Medium Engagement,181+ Days
C0454,2024-03-29,2024-04-20,22,SMB,Basic,APAC,Desktop,Organic,32,2.53,20,15.7,373.11,1217.87,1,2024-04-29,Better Alternative,0,373.11,100,0,Low Engagement,0–30 Days
C0455,2024-08-24,2024-10-18,55,SMB,Basic,US,Mobile,Paid,13,3.45,24,14.8,253.77,606.2,0,,Unknown,1,0.0,0,100,Low Engagement,31–90 Days
C0456,2024-09-28,2025-03-11,164,SMB,Standard,US,Desktop,Organic,35,2.91,14,16.4,410.33,1098.82,1,2025-03-27,Price,0,410.33,100,0,Low Engagement,91–180 Days
C0457,2024-07-07,2024-11-06,122,Individual,Premium,EU,Mobile,Referral,16,6.43,34,24.4,478.23,850.47,1,2024-11-14,Service Issues,0,478.23,100,0,Low Engagement,91–180 Days
C0458,2024-07-10,2025-03-09,242,SMB,Basic,US,Desktop,Paid,20,5.53,48,25.0,464.38,699.72,1,2025-03-14,Low Engagement,0,464.38,100,0,Low Engagement,181+ Days
C0459,2024-03-09,2024-04-04,26,Individual,Standard,EU,Desktop,Organic,45,8.8,42,37.3,456.45,908.6,1,2024-04-24,Low Engagement,0,456.45,100,0,Medium Engagement,0–30 Days
C0460,2024-10-04,2025-05-24,232,Individual,Premium,APAC,Desktop,Organic,15,9.57,40,32.9,265.84,773.37,1,2025-05-26,Better Alternative,0,265.84,100,0,Medium Engagement,181+ Days
C0461,2024-12-14,2025-12-12,363,SMB,Basic,EU,Mobile,Paid,45,4.64,36,26.0,192.87,327.57,1,2026-01-04,Low Engagement,0,192.87,100,0,Medium Engagement,181+ Days
C0462,2024-09-03,2025-03-19,197,SMB,Premium,EU,Mobile,Organic,15,5.56,56,25.3,243.22,806.95,0,,Unknown,1,0.0,0,100,Medium Engagement,181+ Days
C0463,2024-03-16,2025-03-04,353,SMB,Standard,APAC,Mobile,Paid,19,9.74,41,34.3,351.15,677.74,1,2025-03-07,Low Engagement,0,351.15,100,0,Medium Engagement,181+ Days
C0464,2024-06-02,2024-11-21,172,Individual,Standard,EU,Mobile,Organic,28,3.49,46,21.2,444.32,848.29,1,2024-12-20,Better Alternative,0,444.32,100,0,Low Engagement,91–180 Days
C0465,2024-05-23,2025-04-23,335,SMB,Standard,US,Desktop,Referral,27,8.13,91,39.4,119.35,222.35,0,,Unknown,1,0.0,0,100,Medium Engagement,181+ Days
C0466,2024-03-26,2024-06-17,83,SMB,Basic,US,Desktop,Organic,7,3.03,60,18.0,460.73,703.98,0,,Unknown,1,0.0,0,100,Low Engagement,31–90 Days
C0467,2024-07-03,2025-03-02,242,SMB,Basic,US,Mobile,Organic,23,7.13,13,24.4,411.29,1251.81,0,,Unknown,1,0.0,0,100,Low Engagement,181+ Days
C0468,2024-10-11,2025-06-01,233,Individual,Basic,US,Desktop,Paid,2,3.28,67,18.6,489.85,1592.05,1,2025-06-16,Price,0,489.85,100,0,Low Engagement,181+ Days
C0469,2024-08-07,2025-07-01,328,Enterprise,Basic,EU,Desktop,Organic,24,8.95,52,35.0,442.52,1207.34,1,2025-07-02,Price,0,442.52,100,0,Medium Engagement,181+ Days
C0470,2024-03-09,2024-05-17,69,Individual,Basic,EU,Mobile,Paid,18,6.05,83,31.2,154.37,289.66,1,2024-06-08,Price,0,154.37,100,0,Medium Engagement,31–90 Days
C0471,2024-02-16,2025-01-25,344,Individual,Premium,APAC,Desktop,Referral,32,2.67,33,18.0,70.86,146.72,0,,Unknown,1,0.0,0,100,Low Engagement,181+ Days
C0472,2024-04-03,2024-11-20,231,SMB,Premium,EU,Desktop,Paid,1,3.02,75,19.0,73.88,181.14,1,2024-12-04,Service Issues,0,73.88,100,0,Low Engagement,181+ Days
C0473,2024-08-25,2024-10-10,46,Individual,Standard,EU,Mobile,Paid,14,5.44,96,30.8,159.79,544.67,1,2024-11-07,Price,0,159.79,100,0,Medium Engagement,31–90 Days
C0474,2024-07-22,2025-05-05,287,SMB,Premium,EU,Desktop,Organic,21,9.65,23,31.8,314.81,627.95,1,2025-05-18,Service Issues,0,314.81,100,0,Medium Engagement,181+ Days
C0475,2024-08-05,2025-02-26,205,Individual,Standard,APAC,Desktop,Referral,9,7.93,19,24.5,406.07,1203.3,1,2025-03-04,Low Engagement,0,406.07,100,0,Low Engagement,181+ Days
C0476,2024-12-06,2025-12-02,361,Individual,Basic,US,Desktop,Paid,17,5.39,68,27.1,451.64,1074.4,1,2025-12-03,Price,0,451.64,100,0,Medium Engagement,181+ Days
C0477,2024-02-08,2024-10-16,251,Individual,Basic,EU,Mobile,Organic,21,4.04,29,18.6,319.4,669.36,1,2024-11-10,Service Issues,0,319.4,100,0,Low Engagement,181+ Days
C0478,2024-04-09,2025-03-08,333,SMB,Standard,APAC,Mobile,Organic,45,5.94,87,36.9,22.7,54.75,1,2025-03-11,Price,0,22.7,100,0,Medium Engagement,181+ Days
C0479,2024-10-15,2025-05-31,228,SMB,Standard,APAC,Desktop,Paid,48,7.74,6,29.8,109.43,179.73,1,2025-06-02,Better Alternative,0,109.43,100,0,Medium Engagement,181+ Days
C0480,2024-09-10,2025-03-30,201,SMB,Basic,APAC,Desktop,Organic,26,8.06,35,30.6,67.87,210.22,1,2025-04-19,Better Alternative,0,67.87,100,0,Medium Engagement,181+ Days
C0481,2024-08-09,2024-09-04,26,SMB,Standard,US,Desktop,Paid,12,3.92,37,17.8,194.4,386.2,1,2024-09-26,Better Alternative,0,194.4,100,0,Low Engagement,0–30 Days
C0482,2024-12-22,2025-01-12,21,SMB,Basic,EU,Mobile,Paid,32,7.49,79,37.0,260.65,769.13,0,,Unknown,1,0.0,0,100,Medium Engagement,0–30 Days
C0483,2024-01-23,2024-08-12,202,SMB,Standard,APAC,Mobile,Paid,4,6.92,51,25.8,40.83,66.83,1,2024-08-20,Low Engagement,0,40.83,100,0,Medium Engagement,181+ Days
C0484,2024-09-06,2024-10-07,31,SMB,Premium,US,Mobile,Referral,25,9.63,14,31.2,187.27,638.63,1,2024-11-01,Better Alternative,0,187.27,100,0,Medium Engagement,31–90 Days
C0485,2024-01-10,2024-05-18,129,Enterprise,Standard,APAC,Desktop,Paid,12,9.38,45,32.6,106.01,199.94,1,2024-05-24,Better Alternative,0,106.01,100,0,Medium Engagement,91–180 Days
C0486,2024-09-02,2025-04-09,219,Individual,Premium,APAC,Desktop,Organic,26,8.1,22,28.8,330.59,1079.54,1,2025-04-29,Low Engagement,0,330.59,100,0,Medium Engagement,181+ Days
C0487,2024-11-20,2025-10-01,315,Enterprise,Premium,APAC,Desktop,Referral,13,7.51,11,23.0,242.85,757.44,1,2025-10-26,Price,0,242.85,100,0,Low Engagement,181+ Days
C0488,2024-04-09,2025-01-13,279,SMB,Premium,APAC,Desktop,Organic,23,3.47,92,27.1,257.75,885.56,1,2025-01-28,Service Issues,0,257.75,100,0,Medium Engagement,181+ Days
C0489,2024-10-16,2025-05-05,201,Enterprise,Premium,APAC,Desktop,Referral,2,8.61,43,28.4,225.29,553.26,0,,Unknown,1,0.0,0,100,Medium Engagement,181+ Days
C0490,2024-06-28,2024-12-29,184,SMB,Premium,US,Mobile,Referral,46,4.85,14,23.4,478.89,1415.02,1,2025-01-10,Better Alternative,0,478.89,100,0,Low Engagement,181+ Days
C0491,2024-08-10,2025-05-31,294,Individual,Standard,EU,Desktop,Referral,48,3.45,92,32.0,123.07,275.85,1,2025-06-10,Low Engagement,0,123.07,100,0,Medium Engagement,181+ Days
C0492,2024-09-06,2025-04-07,213,SMB,Basic,EU,Desktop,Referral,29,4.46,48,24.2,268.0,500.82,1,2025-05-04,Low Engagement,0,268.0,100,0,Low Engagement,181+ Days
C0493,2024-05-26,2024-11-15,173,Individual,Basic,EU,Desktop,Organic,34,8.52,20,31.1,373.29,890.73,0,,Unknown,1,0.0,0,100,Medium Engagement,91–180 Days
C0494,2024-04-05,2024-12-21,260,Individual,Standard,EU,Mobile,Paid,47,2.34,14,17.4,287.29,526.17,1,2025-01-04,Better Alternative,0,287.29,100,0,Low Engagement,181+ Days
C0495,2024-09-13,2025-05-07,236,Individual,Basic,US,Desktop,Organic,13,5.11,13,17.3,465.93,1614.02,1,2025-05-08,Service Issues,0,465.93,100,0,Low Engagement,181+ Days
C0496,2024-11-20,2024-12-06,16,Individual,Basic,US,Mobile,Paid,11,5.43,41,21.9,201.42,340.9,1,2024-12-07,Low Engagement,0,201.42,100,0,Low Engagement,0–30 Days
C0497,2024-01-04,2024-02-11,38,Individual,Premium,US,Mobile,Organic,27,1.33,79,20.6,242.56,649.68,1,2024-03-01,Service Issues,0,242.56,100,0,Low Engagement,31–90 Days
C0498,2024-01-16,2024-02-27,42,Individual,Premium,APAC,Mobile,Referral,43,2.76,14,17.6,62.49,172.03,1,2024-03-08,Service Issues,0,62.49,100,0,Low Engagement,31–90 Days
C0499,2024-10-06,2025-02-26,143,Individual,Premium,APAC,Mobile,Referral,28,8.44,62,36.0,312.32,804.59,1,2025-03-02,Price,0,312.32,100,0,Medium Engagement,91–180 Days
C0500,2024-12-01,2025-02-27,88,Enterprise,Basic,APAC,Mobile,Paid,42,8.48,67,39.6,158.34,447.21,1,2025-03-25,Service Issues,0,158.34,100,0,Medium Engagement,31–90 Days
C0501,2024-09-03,2024-11-09,67,Individual,Basic,EU,Desktop,Paid,16,3.63,26,16.2,96.95,167.95,1,2024-11-18,Better Alternative,0,96.95,100,0,Low Engagement,31–90 Days
C0502,2024-09-14,2024-10-19,35,Enterprise,Basic,APAC,Desktop,Organic,39,8.87,86,42.9,281.38,734.41,0,,Unknown,1,0.0,0,100,Medium Engagement,31–90 Days
C0503,2024-06-08,2025-01-29,235,Individual,Basic,EU,Mobile,Paid,48,7.95,92,43.3,275.51,571.52,0,,Unknown,1,0.0,0,100,Medium Engagement,181+ Days
C0504,2024-12-05,2025-09-25,294,Enterprise,Basic,APAC,Mobile,Organic,20,4.76,52,23.7,56.42,190.72,1,2025-10-11,Low Engagement,0,56.42,100,0,Low Engagement,181+ Days
C0505,2024-05-31,2024-06-13,13,SMB,Basic,EU,Mobile,Paid,22,7.74,51,31.4,355.14,1073.99,0,,Unknown,1,0.0,0,100,Medium Engagement,0–30 Days
C0506,2024-06-26,2024-10-12,108,SMB,Premium,APAC,Desktop,Paid,19,9.65,62,37.2,319.41,1100.38,0,,Unknown,1,0.0,0,100,Medium Engagement,91–180 Days
C0507,2024-06-11,2024-07-29,48,SMB,Standard,APAC,Desktop,Paid,10,5.13,72,25.6,110.73,174.41,0,,Unknown,1,0.0,0,100,Medium Engagement,31–90 Days
C0508,2024-02-02,2024-11-08,280,SMB,Basic,US,Mobile,Referral,33,3.15,52,22.3,245.33,507.9,0,,Unknown,1,0.0,0,100,Low Engagement,181+ Days
C0509,2024-06-27,2025-04-17,294,SMB,Basic,APAC,Desktop,Referral,9,9.48,56,33.9,365.75,691.58,0,,Unknown,1,0.0,0,100,Medium Engagement,181+ Days
C0510,2024-04-10,2024-09-23,166,Enterprise,Standard,APAC,Desktop,Organic,9,6.43,51,25.5,274.13,417.31,1,2024-09-26,Service Issues,0,274.13,100,0,Medium Engagement,91–180 Days
C0511,2024-09-24,2024-12-17,84,SMB,Basic,US,Mobile,Paid,42,1.95,42,19.6,209.83,416.44,0,,Unknown,1,0.0,0,100,Low Engagement,31–90 Days
C0512,2024-11-18,2025-09-11,297,Individual,Premium,EU,Mobile,Organic,5,6.15,6,17.3,174.72,499.27,1,2025-10-01,Low Engagement,0,174.72,100,0,Low Engagement,181+ Days
C0513,2024-03-05,2024-07-22,139,SMB,Basic,US,Desktop,Paid,35,5.51,41,26.9,312.99,614.14,1,2024-08-15,Low Engagement,0,312.99,100,0,Medium Engagement,91–180 Days
C0514,2024-06-16,2024-12-17,184,SMB,Basic,US,Desktop,Referral,23,8.7,3,26.8,470.77,1185.4,1,2025-01-12,Low Engagement,0,470.77,100,0,Medium Engagement,181+ Days
C0515,2024-11-25,2025-02-26,93,Individual,Basic,EU,Desktop,Referral,11,5.78,68,26.8,342.44,1121.71,0,,Unknown,1,0.0,0,100,Medium Engagement,91–180 Days
C0516,2024-02-12,2024-03-14,31,Enterprise,Basic,APAC,Mobile,Paid,42,3.3,4,17.2,55.88,161.35,1,2024-03-30,Better Alternative,0,55.88,100,0,Low Engagement,31–90 Days
C0517,2024-02-13,2024-03-20,36,SMB,Standard,EU,Mobile,Paid,22,7.08,74,33.2,241.13,552.01,0,,Unknown,1,0.0,0,100,Medium Engagement,31–90 Days
C0518,2024-10-11,2025-05-03,204,Individual,Standard,APAC,Mobile,Referral,26,5.88,91,33.6,447.6,1004.83,1,2025-05-14,Price,0,447.6,100,0,Medium Engagement,181+ Days
C0519,2024-01-12,2024-12-23,346,Individual,Standard,APAC,Desktop,Referral,44,3.1,79,28.4,65.34,157.57,1,2025-01-02,Service Issues,0,65.34,100,0,Medium Engagement,181+ Days
C0520,2024-04-04,2024-12-05,245,SMB,Basic,EU,Desktop,Organic,36,6.16,40,28.6,494.66,917.14,1,2024-12-13,Price,0,494.66,100,0,Medium Engagement,181+ Days
C0521,2024-10-28,2025-02-06,101,SMB,Standard,US,Mobile,Referral,5,8.39,93,35.9,475.55,1316.32,1,2025-02-21,Service Issues,0,475.55,100,0,Medium Engagement,91–180 Days
C0522,2024-09-09,2024-10-09,30,Individual,Standard,EU,Desktop,Paid,0,1.26,3,3.6,57.57,128.28,1,2024-10-30,Better Alternative,0,57.57,100,0,Low Engagement,0–30 Days
C0523,2024-08-29,2025-07-07,312,Individual,Premium,APAC,Mobile,Organic,5,6.68,1,17.8,468.04,1499.94,1,2025-07-11,Low Engagement,0,468.04,100,0,Low Engagement,181+ Days
C0524,2024-02-04,2024-05-07,93,Enterprise,Basic,EU,Desktop,Paid,49,4.15,66,30.1,194.3,585.45,1,2024-05-20,Service Issues,0,194.3,100,0,Medium Engagement,91–180 Days
C0525,2024-08-02,2025-04-30,271,Individual,Basic,EU,Mobile,Organic,21,3.63,20,16.3,425.46,1157.69,1,2025-05-21,Price,0,425.46,100,0,Low Engagement,181+ Days
C0526,2024-12-02,2025-05-07,156,SMB,Standard,APAC,Desktop,Paid,40,4.53,69,29.7,220.82,492.08,1,2025-06-01,Low Engagement,0,220.82,100,0,Medium Engagement,91–180 Days
C0527,2024-03-30,2024-12-21,266,Enterprise,Standard,US,Desktop,Referral,23,4.08,42,21.1,231.61,444.66,1,2025-01-09,Better Alternative,0,231.61,100,0,Low Engagement,181+ Days
C0528,2024-09-20,2024-11-26,67,SMB,Basic,EU,Mobile,Paid,24,8.49,81,38.2,324.44,990.29,0,,Unknown,1,0.0,0,100,Medium Engagement,31–90 Days
C0529,2024-04-02,2024-04-26,24,Individual,Basic,APAC,Mobile,Organic,14,3.47,68,21.7,391.75,968.73,1,2024-05-12,Low Engagement,0,391.75,100,0,Low Engagement,0–30 Days
C0530,2024-03-30,2024-09-17,171,Enterprise,Basic,APAC,Mobile,Paid,25,7.6,8,25.2,36.22,70.61,1,2024-10-07,Service Issues,0,36.22,100,0,Medium Engagement,91–180 Days
C0531,2024-04-24,2024-10-13,172,Individual,Premium,EU,Mobile,Organic,7,1.85,83,18.5,304.71,576.01,1,2024-10-18,Low Engagement,0,304.71,100,0,Low Engagement,91–180 Days
C0532,2024-04-14,2025-03-09,329,SMB,Basic,US,Mobile,Paid,23,9.56,27,32.6,109.63,200.71,1,2025-03-19,Low Engagement,0,109.63,100,0,Medium Engagement,181+ Days
C0533,2024-07-14,2025-04-30,290,SMB,Premium,EU,Desktop,Referral,47,6.6,25,29.6,186.06,568.29,1,2025-05-11,Better Alternative,0,186.06,100,0,Medium Engagement,181+ Days
C0534,2024-11-09,2025-08-25,289,Enterprise,Standard,US,Mobile,Referral,37,7.36,81,38.0,187.02,366.18,1,2025-09-08,Service Issues,0,187.02,100,0,Medium Engagement,181+ Days
C0535,2024-04-23,2024-05-14,21,Individual,Premium,US,Mobile,Paid,5,3.68,82,22.5,245.15,625.94,0,,Unknown,1,0.0,0,100,Low Engagement,0–30 Days
C0536,2024-03-15,2024-12-23,283,Enterprise,Premium,US,Mobile,Paid,34,4.71,2,18.9,180.39,433.49,0,,Unknown,1,0.0,0,100,Low Engagement,181+ Days
C0537,2024-08-04,2025-05-11,280,SMB,Basic,US,Mobile,Paid,41,3.01,72,26.5,71.53,190.21,0,,Unknown,1,0.0,0,100,Medium Engagement,181+ Days
C0538,2024-10-03,2025-05-08,217,Individual,Premium,EU,Mobile,Organic,0,9.39,99,38.3,89.9,292.56,1,2025-05-26,Better Alternative,0,89.9,100,0,Medium Engagement,181+ Days
C0539,2024-09-05,2024-10-11,36,SMB,Basic,APAC,Desktop,Paid,45,5.39,94,36.6,36.05,116.64,1,2024-11-02,Better Alternative,0,36.05,100,0,Medium Engagement,31–90 Days
C0540,2024-06-12,2024-09-01,81,Individual,Premium,APAC,Mobile,Paid,35,6.67,48,30.9,245.72,590.26,1,2024-09-13,Low Engagement,0,245.72,100,0,Medium Engagement,31–90 Days
C0541,2024-12-22,2025-03-01,69,SMB,Standard,APAC,Mobile,Organic,11,7.61,16,23.6,478.13,731.89,1,2025-03-27,Low Engagement,0,478.13,100,0,Low Engagement,31–90 Days
C0542,2024-07-10,2024-12-11,154,Individual,Basic,APAC,Mobile,Referral,37,4.34,62,27.6,75.52,177.69,0,,Unknown,1,0.0,0,100,Medium Engagement,91–180 Days
C0543,2024-08-14,2024-11-24,102,SMB,Standard,APAC,Desktop,Paid,10,7.48,54,28.8,474.21,1286.24,1,2024-12-17,Price,0,474.21,100,0,Medium Engagement,91–180 Days
C0544,2024-06-25,2025-05-09,318,Individual,Premium,APAC,Desktop,Paid,11,7.08,22,23.2,372.01,973.0,1,2025-06-01,Low Engagement,0,372.01,100,0,Low Engagement,181+ Days
C0545,2024-04-08,2024-04-25,17,Enterprise,Basic,EU,Mobile,Referral,41,7.35,33,31.5,326.0,913.67,0,,Unknown,1,0.0,0,100,Medium Engagement,0–30 Days
C0546,2024-02-05,2024-05-03,88,SMB,Standard,US,Mobile,Referral,49,5.4,68,33.5,329.73,596.2,0,,Unknown,1,0.0,0,100,Medium Engagement,31–90 Days
C0547,2024-04-05,2024-05-11,36,SMB,Standard,APAC,Desktop,Organic,38,4.45,14,20.8,416.83,1164.24,0,,Unknown,1,0.0,0,100,Low Engagement,31–90 Days
C0548,2024-05-31,2024-11-30,183,SMB,Premium,EU,Desktop,Paid,6,3.0,46,15.6,71.32,133.03,1,2024-12-21,Price,0,71.32,100,0,Low Engagement,181+ Days
C0549,2024-05-30,2024-07-28,59,SMB,Basic,APAC,Desktop,Paid,10,8.42,2,23.4,262.28,787.11,0,,Unknown,1,0.0,0,100,Low Engagement,31–90 Days
C0550,2024-07-08,2025-02-01,208,Individual,Basic,APAC,Mobile,Organic,35,6.48,82,35.5,354.6,772.38,1,2025-02-07,Better Alternative,0,354.6,100,0,Medium Engagement,181+ Days
C0551,2024-08-11,2025-08-04,358,Enterprise,Basic,US,Mobile,Referral,30,5.0,27,22.6,301.67,880.81,0,,Unknown,1,0.0,0,100,Low Engagement,181+ Days
C0552,2024-02-06,2024-08-14,190,Individual,Standard,US,Desktop,Organic,32,9.5,2,30.4,419.73,669.78,0,,Unknown,1,0.0,0,100,Medium Engagement,181+ Days
C0553,2024-09-24,2024-10-27,33,Individual,Basic,US,Mobile,Referral,12,1.43,3,6.4,54.69,126.65,1,2024-11-13,Price,0,54.69,100,0,Low Engagement,31–90 Days
C0554,2024-07-01,2025-05-22,325,Individual,Premium,APAC,Desktop,Organic,17,8.65,87,38.1,351.54,1023.01,1,2025-05-29,Price,0,351.54,100,0,Medium Engagement,181+ Days
C0555,2024-01-13,2024-03-08,55,SMB,Basic,APAC,Desktop,Referral,40,9.98,30,37.4,276.33,539.88,1,2024-03-11,Service Issues,0,276.33,100,0,Medium Engagement,31–90 Days
C0556,2024-10-05,2024-10-29,24,SMB,Standard,APAC,Desktop,Organic,23,8.98,44,33.7,202.0,624.3,1,2024-11-03,Service Issues,0,202.0,100,0,Medium Engagement,0–30 Days
C0557,2024-08-04,2025-01-13,162,Individual,Basic,US,Mobile,Referral,8,8.29,58,31.0,183.33,506.28,1,2025-01-31,Service Issues,0,183.33,100,0,Medium Engagement,91–180 Days
C0558,2024-12-20,2025-08-08,231,Individual,Basic,EU,Desktop,Referral,30,4.37,44,23.5,318.0,850.69,0,,Unknown,1,0.0,0,100,Low Engagement,181+ Days
C0559,2024-12-26,2025-07-29,215,SMB,Basic,APAC,Desktop,Referral,40,3.08,74,26.8,447.68,988.07,1,2025-07-30,Service Issues,0,447.68,100,0,Medium Engagement,181+ Days
C0560,2024-10-12,2025-07-21,282,SMB,Basic,APAC,Mobile,Referral,9,7.61,36,26.2,258.16,636.34,1,2025-08-13,Better Alternative,0,258.16,100,0,Medium Engagement,181+ Days
C0561,2024-09-29,2025-06-01,245,Enterprise,Standard,APAC,Desktop,Referral,1,3.74,64,19.2,415.87,1120.64,1,2025-06-21,Price,0,415.87,100,0,Low Engagement,181+ Days
C0562,2024-03-02,2025-02-14,349,Individual,Premium,EU,Mobile,Paid,37,2.58,8,15.0,213.04,520.87,1,2025-02-22,Service Issues,0,213.04,100,0,Low Engagement,181+ Days
C0563,2024-03-24,2024-11-16,237,SMB,Standard,APAC,Desktop,Referral,14,8.08,16,25.4,69.15,200.3,1,2024-11-21,Service Issues,0,69.15,100,0,Medium Engagement,181+ Days
C0564,2024-08-04,2024-08-22,18,Enterprise,Premium,EU,Mobile,Paid,2,3.81,64,19.5,49.52,117.23,1,2024-08-23,Better Alternative,0,49.52,100,0,Low Engagement,0–30 Days
C0565,2024-12-07,2025-05-31,175,Individual,Premium,APAC,Desktop,Referral,42,9.23,2,31.8,44.64,85.02,1,2025-06-25,Low Engagement,0,44.64,100,0,Medium Engagement,91–180 Days
C0566,2024-07-05,2025-05-29,328,SMB,Standard,EU,Desktop,Paid,30,8.57,25,31.2,202.47,390.34,1,2025-06-04,Low Engagement,0,202.47,100,0,Medium Engagement,181+ Days
C0567,2024-01-19,2024-08-29,223,SMB,Premium,APAC,Desktop,Paid,5,8.63,52,30.4,181.87,274.92,0,,Unknown,1,0.0,0,100,Medium Engagement,181+ Days
C0568,2024-06-25,2024-10-29,126,Individual,Standard,US,Desktop,Organic,2,7.94,30,24.8,364.61,766.38,1,2024-11-12,Price,0,364.61,100,0,Low Engagement,91–180 Days
C0569,2024-04-09,2025-03-28,353,Individual,Basic,US,Desktop,Referral,10,8.93,25,28.1,376.55,1128.83,0,,Unknown,1,0.0,0,100,Medium Engagement,181+ Days
C0570,2024-08-20,2024-11-09,81,SMB,Standard,US,Mobile,Organic,14,8.25,22,26.7,44.41,137.15,1,2024-12-05,Price,0,44.41,100,0,Medium Engagement,31–90 Days
C0571,2024-03-16,2024-05-28,73,Enterprise,Basic,US,Mobile,Organic,44,6.42,29,29.2,126.14,240.29,1,2024-06-05,Better Alternative,0,126.14,100,0,Medium Engagement,31–90 Days
C0572,2024-09-21,2025-04-23,214,Enterprise,Standard,APAC,Desktop,Referral,27,3.66,9,15.9,151.65,518.35,1,2025-04-26,Low Engagement,0,151.65,100,0,Low Engagement,181+ Days
C0573,2024-10-10,2025-05-16,218,Enterprise,Standard,US,Desktop,Organic,9,8.99,71,34.9,282.85,708.48,1,2025-06-07,Low Engagement,0,282.85,100,0,Medium Engagement,181+ Days
C0574,2024-07-24,2024-10-13,81,Individual,Basic,EU,Desktop,Referral,37,8.57,88,42.0,89.37,297.96,1,2024-11-01,Service Issues,0,89.37,100,0,Medium Engagement,31–90 Days
C0575,2024-08-10,2025-05-23,286,Enterprise,Basic,US,Mobile,Organic,46,5.26,63,31.8,84.29,245.58,1,2025-06-04,Better Alternative,0,84.29,100,0,Medium Engagement,181+ Days
C0576,2024-02-21,2024-11-30,283,Enterprise,Premium,US,Mobile,Referral,49,1.35,21,16.3,473.02,1392.98,1,2024-12-28,Better Alternative,0,473.02,100,0,Low Engagement,181+ Days
C0577,2024-12-04,2025-10-29,329,Enterprise,Standard,US,Desktop,Referral,49,6.75,14,28.8,406.02,678.09,1,2025-11-25,Service Issues,0,406.02,100,0,Medium Engagement,181+ Days
C0578,2024-05-23,2025-05-05,347,Enterprise,Basic,APAC,Mobile,Referral,6,1.46,55,13.1,106.71,207.02,1,2025-05-26,Price,0,106.71,100,0,Low Engagement,181+ Days
C0579,2024-03-09,2024-06-21,104,Enterprise,Standard,US,Desktop,Paid,14,9.34,73,37.1,215.15,326.52,1,2024-07-13,Service Issues,0,215.15,100,0,Medium Engagement,91–180 Days
C0580,2024-04-08,2024-09-30,175,Individual,Standard,EU,Desktop,Organic,17,9.65,19,30.4,190.7,559.18,0,,Unknown,1,0.0,0,100,Medium Engagement,91–180 Days
C0581,2024-01-25,2024-03-06,41,SMB,Standard,US,Desktop,Paid,17,2.71,46,17.1,399.68,874.85,0,,Unknown,1,0.0,0,100,Low Engagement,31–90 Days
C0582,2024-02-22,2024-03-13,20,Individual,Premium,US,Mobile,Organic,40,7.09,86,38.6,264.9,814.12,1,2024-04-08,Better Alternative,0,264.9,100,0,Medium Engagement,0–30 Days
C0583,2024-05-30,2025-04-05,310,Individual,Standard,US,Desktop,Organic,23,1.83,52,17.0,81.37,177.21,1,2025-04-18,Service Issues,0,81.37,100,0,Low Engagement,181+ Days
C0584,2024-05-23,2025-01-04,226,SMB,Basic,EU,Desktop,Organic,1,7.57,52,26.9,374.72,1176.12,0,,Unknown,1,0.0,0,100,Medium Engagement,181+ Days
C0585,2024-02-26,2024-12-20,298,Enterprise,Premium,US,Desktop,Paid,39,4.13,0,18.1,210.51,370.79,1,2025-01-13,Service Issues,0,210.51,100,0,Low Engagement,181+ Days
C0586,2024-02-08,2024-05-29,111,Enterprise,Premium,EU,Mobile,Organic,19,7.13,1,21.8,146.2,269.99,0,,Unknown,1,0.0,0,100,Low Engagement,91–180 Days
C0587,2024-04-18,2025-01-19,276,SMB,Basic,EU,Mobile,Paid,33,4.36,57,26.0,200.24,436.87,1,2025-01-28,Low Engagement,0,200.24,100,0,Medium Engagement,181+ Days
C0588,2024-06-29,2025-02-07,223,SMB,Basic,US,Mobile,Referral,42,2.31,18,16.9,258.92,599.91,0,,Unknown,1,0.0,0,100,Low Engagement,181+ Days
C0589,2024-02-11,2024-08-17,188,SMB,Basic,EU,Desktop,Organic,25,4.65,61,25.8,184.7,405.86,1,2024-09-07,Low Engagement,0,184.7,100,0,Medium Engagement,181+ Days
C0590,2024-07-04,2024-10-09,97,SMB,Standard,APAC,Mobile,Organic,6,2.01,77,17.8,136.11,412.04,0,,Unknown,1,0.0,0,100,Low Engagement,91–180 Days
C0591,2024-08-10,2024-09-29,50,Individual,Standard,US,Desktop,Referral,37,6.19,71,33.5,211.28,357.89,1,2024-10-14,Better Alternative,0,211.28,100,0,Medium Engagement,31–90 Days
C0592,2024-05-01,2024-07-25,85,SMB,Standard,US,Mobile,Referral,29,1.37,11,10.9,29.2,64.31,1,2024-07-31,Better Alternative,0,29.2,100,0,Low Engagement,31–90 Days
C0593,2024-05-12,2024-07-06,55,Individual,Premium,EU,Desktop,Organic,41,5.75,25,26.3,390.8,1240.59,1,2024-08-03,Service Issues,0,390.8,100,0,Medium Engagement,31–90 Days
C0594,2024-06-11,2024-11-27,169,Enterprise,Standard,EU,Mobile,Referral,4,8.98,26,27.2,102.05,166.71,1,2024-12-26,Price,0,102.05,100,0,Medium Engagement,91–180 Days
C0595,2024-08-02,2024-10-30,89,Individual,Basic,US,Desktop,Paid,10,8.54,28,27.6,41.07,139.01,0,,Unknown,1,0.0,0,100,Medium Engagement,31–90 Days
C0596,2024-08-08,2025-06-23,319,Enterprise,Basic,APAC,Mobile,Paid,0,8.95,14,24.5,333.78,1159.1,1,2025-07-10,Service Issues,0,333.78,100,0,Low Engagement,181+ Days
C0597,2024-08-22,2024-11-25,95,SMB,Basic,EU,Mobile,Organic,33,9.3,45,36.6,391.49,656.58,0,,Unknown,1,0.0,0,100,Medium Engagement,91–180 Days
C0598,2024-11-26,2025-03-07,101,Individual,Basic,EU,Mobile,Paid,0,1.94,0,4.8,410.64,855.18,1,2025-04-01,Price,0,410.64,100,0,Low Engagement,91–180 Days
C0599,2024-05-25,2024-10-29,157,SMB,Standard,APAC,Desktop,Paid,18,2.16,59,17.8,256.88,576.64,0,,Unknown,1,0.0,0,100,Low Engagement,91–180 Days
C0600,2024-08-26,2025-02-12,170,Enterprise,Premium,APAC,Mobile,Organic,1,6.01,91,28.9,118.58,362.0,1,2025-03-08,Low Engagement,0,118.58,100,0,Medium Engagement,91–180 Days
C0601,2024-03-16,2024-10-13,211,Individual,Basic,US,Mobile,Referral,20,9.05,56,35.0,373.87,1006.4,0,,Unknown,1,0.0,0,100,Medium Engagement,181+ Days
C0602,2024-01-09,2024-09-16,251,SMB,Standard,APAC,Mobile,Organic,19,9.77,2,28.5,355.86,992.4,0,,Unknown,1,0.0,0,100,Medium Engagement,181+ Days
C0603,2024-03-14,2025-03-11,362,SMB,Standard,US,Mobile,Paid,22,1.42,17,10.5,138.21,416.71,1,2025-04-08,Low Engagement,0,138.21,100,0,Low Engagement,181+ Days
C0604,2024-09-09,2024-09-20,11,Individual,Basic,APAC,Desktop,Organic,20,4.2,51,22.2,453.64,787.5,0,,Unknown,1,0.0,0,100,Low Engagement,0–30 Days
C0605,2024-08-17,2025-04-08,234,Individual,Basic,EU,Mobile,Organic,23,2.92,59,20.8,70.1,221.97,0,,Unknown,1,0.0,0,100,Low Engagement,181+ Days
C0606,2024-01-07,2024-10-31,298,Individual,Basic,US,Desktop,Paid,3,7.8,33,25.0,491.69,1431.43,1,2024-11-04,Price,0,491.69,100,0,Low Engagement,181+ Days
C0607,2024-06-22,2025-02-19,242,SMB,Basic,US,Desktop,Paid,11,6.76,95,33.3,432.92,1149.27,1,2025-03-06,Low Engagement,0,432.92,100,0,Medium Engagement,181+ Days
C0608,2024-05-20,2024-08-14,86,Individual,Premium,US,Desktop,Organic,21,2.08,92,23.2,350.19,1148.44,1,2024-08-16,Low Engagement,0,350.19,100,0,Low Engagement,31–90 Days
C0609,2024-06-16,2024-10-19,125,SMB,Basic,APAC,Desktop,Paid,19,5.35,88,30.4,470.6,1365.03,0,,Unknown,1,0.0,0,100,Medium Engagement,91–180 Days
C0610,2024-06-18,2024-11-28,163,Individual,Basic,EU,Mobile,Paid,17,7.17,59,30.2,366.71,698.0,1,2024-12-01,Low Engagement,0,366.71,100,0,Medium Engagement,91–180 Days
C0611,2024-10-09,2025-01-29,112,Individual,Standard,US,Desktop,Paid,0,8.01,25,23.8,111.42,262.89,1,2025-02-06,Service Issues,0,111.42,100,0,Low Engagement,91–180 Days
C0612,2024-05-01,2024-11-20,203,Individual,Premium,US,Desktop,Paid,29,1.18,71,19.4,232.23,577.81,1,2024-11-27,Service Issues,0,232.23,100,0,Low Engagement,181+ Days
C0613,2024-07-12,2025-01-03,175,Individual,Basic,US,Desktop,Paid,32,9.01,18,31.6,54.32,87.48,1,2025-01-29,Better Alternative,0,54.32,100,0,Medium Engagement,91–180 Days
C0614,2024-01-05,2024-04-13,99,SMB,Basic,US,Desktop,Paid,23,6.12,21,23.0,207.04,705.86,0,,Unknown,1,0.0,0,100,Low Engagement,91–180 Days
C0615,2024-01-29,2024-07-30,183,Individual,Basic,EU,Mobile,Referral,13,8.31,92,37.2,375.97,660.64,0,,Unknown,1,0.0,0,100,Medium Engagement,181+ Days
C0616,2024-06-13,2024-10-22,131,Individual,Basic,APAC,Mobile,Organic,35,8.27,32,32.5,205.49,594.88,1,2024-11-17,Service Issues,0,205.49,100,0,Medium Engagement,91–180 Days
C0617,2024-12-04,2025-05-05,152,SMB,Basic,EU,Desktop,Paid,4,2.71,37,13.1,178.54,448.57,1,2025-05-20,Low Engagement,0,178.54,100,0,Low Engagement,91–180 Days
C0618,2024-05-15,2024-09-07,115,Individual,Standard,US,Desktop,Organic,10,1.99,34,12.1,305.77,474.33,1,2024-09-23,Price,0,305.77,100,0,Low Engagement,91–180 Days
C0619,2024-12-30,2025-11-09,314,SMB,Basic,EU,Desktop,Referral,23,7.49,66,33.2,438.66,1469.29,1,2025-12-06,Low Engagement,0,438.66,100,0,Medium Engagement,181+ Days
C0620,2024-11-16,2025-10-08,326,Individual,Basic,US,Mobile,Paid,30,2.41,82,24.3,42.84,137.25,1,2025-10-11,Low Engagement,0,42.84,100,0,Low Engagement,181+ Days
C0621,2024-12-07,2025-04-18,132,Individual,Premium,APAC,Mobile,Organic,12,8.65,9,25.4,205.03,522.52,1,2025-05-17,Service Issues,0,205.03,100,0,Medium Engagement,91–180 Days
C0622,2024-05-24,2024-06-11,18,Individual,Basic,APAC,Mobile,Paid,15,7.54,90,35.4,95.96,187.88,1,2024-07-03,Low Engagement,0,95.96,100,0,Medium Engagement,0–30 Days
C0623,2024-11-22,2025-08-20,271,SMB,Basic,APAC,Mobile,Paid,23,8.58,14,28.2,353.77,616.71,1,2025-09-06,Better Alternative,0,353.77,100,0,Medium Engagement,181+ Days
C0624,2024-08-04,2024-10-25,82,Enterprise,Basic,US,Mobile,Paid,12,3.69,10,13.1,70.75,157.55,1,2024-11-22,Low Engagement,0,70.75,100,0,Low Engagement,31–90 Days
C0625,2024-10-27,2025-06-16,232,Enterprise,Premium,EU,Desktop,Paid,23,3.85,89,27.6,339.11,681.9,1,2025-06-30,Service Issues,0,339.11,100,0,Medium Engagement,181+ Days
C0626,2024-05-11,2024-06-30,50,Individual,Basic,APAC,Mobile,Paid,25,7.04,23,26.0,157.37,395.53,0,,Unknown,1,0.0,0,100,Medium Engagement,31–90 Days
C0627,2024-10-18,2025-05-19,213,Enterprise,Premium,US,Mobile,Paid,1,1.28,76,14.8,115.48,396.42,1,2025-06-01,Better Alternative,0,115.48,100,0,Low Engagement,181+ Days
C0628,2024-03-10,2024-12-08,273,SMB,Standard,US,Desktop,Paid,15,7.54,95,36.1,469.45,1244.0,1,2025-01-05,Better Alternative,0,469.45,100,0,Medium Engagement,181+ Days
C0629,2024-09-08,2025-08-11,337,Individual,Basic,EU,Mobile,Referral,37,8.52,3,29.1,28.89,94.76,0,,Unknown,1,0.0,0,100,Medium Engagement,181+ Days
C0630,2024-10-01,2025-04-06,187,Enterprise,Premium,APAC,Mobile,Referral,45,4.74,12,22.7,230.13,644.77,1,2025-04-19,Price,0,230.13,100,0,Low Engagement,181+ Days
C0631,2024-12-29,2025-12-21,357,Individual,Basic,US,Mobile,Paid,0,7.88,72,30.5,30.38,74.45,1,2026-01-14,Low Engagement,0,30.38,100,0,Medium Engagement,181+ Days
C0632,2024-06-30,2025-05-23,327,Individual,Basic,EU,Desktop,Paid,48,2.57,56,24.4,252.12,809.11,1,2025-06-01,Price,0,252.12,100,0,Low Engagement,181+ Days
C0633,2024-06-15,2024-09-16,93,Individual,Premium,APAC,Mobile,Referral,10,3.9,97,26.3,260.5,636.33,1,2024-09-24,Service Issues,0,260.5,100,0,Medium Engagement,91–180 Days
C0634,2024-03-31,2025-02-21,327,Enterprise,Standard,EU,Desktop,Referral,34,9.77,36,36.6,174.4,564.58,0,,Unknown,1,0.0,0,100,Medium Engagement,181+ Days
C0635,2024-07-20,2024-11-17,120,Enterprise,Standard,EU,Desktop,Referral,42,9.88,47,40.2,83.44,173.82,1,2024-12-11,Price,0,83.44,100,0,Medium Engagement,91–180 Days
C0636,2024-12-11,2025-08-28,260,SMB,Basic,US,Mobile,Paid,28,5.61,70,30.1,200.67,352.7,0,,Unknown,1,0.0,0,100,Medium Engagement,181+ Days
C0637,2024-01-19,2024-02-04,16,SMB,Basic,US,Mobile,Organic,36,9.41,0,30.7,342.69,1100.25,1,2024-02-07,Price,0,342.69,100,0,Medium Engagement,0–30 Days
C0638,2024-02-08,2024-05-11,93,SMB,Standard,US,Mobile,Organic,16,5.7,59,26.3,395.55,1058.03,1,2024-05-15,Low Engagement,0,395.55,100,0,Medium Engagement,91–180 Days
C0639,2024-05-05,2024-12-08,217,SMB,Basic,EU,Mobile,Organic,38,3.62,11,18.3,274.76,900.71,0,,Unknown,1,0.0,0,100,Low Engagement,181+ Days
C0640,2024-06-21,2025-05-10,323,Individual,Basic,US,Desktop,Organic,41,3.4,20,19.7,303.12,1023.23,0,,Unknown,1,0.0,0,100,Low Engagement,181+ Days
C0641,2024-05-20,2024-06-20,31,Individual,Basic,EU,Mobile,Paid,27,9.37,10,30.3,116.3,186.92,1,2024-06-22,Service Issues,0,116.3,100,0,Medium Engagement,31–90 Days
C0642,2024-08-29,2024-09-10,12,Enterprise,Basic,EU,Desktop,Organic,28,2.55,43,18.4,157.92,395.11,1,2024-10-02,Price,0,157.92,100,0,Low Engagement,0–30 Days
C0643,2024-08-07,2024-12-21,136,Individual,Premium,US,Desktop,Referral,42,6.22,57,32.5,97.71,219.84,1,2025-01-05,Price,0,97.71,100,0,Medium Engagement,91–180 Days
C0644,2024-05-05,2025-03-07,306,Individual,Basic,APAC,Desktop,Referral,2,6.0,43,21.8,139.66,384.3,1,2025-04-05,Low Engagement,0,139.66,100,0,Low Engagement,181+ Days
C0645,2024-02-27,2024-09-11,197,Individual,Premium,APAC,Desktop,Organic,9,7.66,77,32.5,127.95,395.0,0,,Unknown,1,0.0,0,100,Medium Engagement,181+ Days
C0646,2024-05-27,2024-06-19,23,Individual,Basic,APAC,Desktop,Referral,41,5.49,97,36.5,269.34,555.16,0,,Unknown,1,0.0,0,100,Medium Engagement,0–30 Days
C0647,2024-11-12,2024-12-03,21,Enterprise,Standard,EU,Mobile,Paid,13,3.45,33,16.2,290.09,758.18,1,2024-12-04,Better Alternative,0,290.09,100,0,Low Engagement,0–30 Days
C0648,2024-12-26,2025-04-01,96,Enterprise,Basic,EU,Desktop,Organic,11,2.52,24,12.1,473.57,1381.62,1,2025-04-07,Better Alternative,0,473.57,100,0,Low Engagement,91–180 Days
C0649,2024-01-01,2024-01-22,21,SMB,Basic,EU,Desktop,Organic,46,6.59,3,26.1,113.87,201.42,1,2024-02-10,Better Alternative,0,113.87,100,0,Medium Engagement,0–30 Days
C0650,2024-12-13,2025-01-16,34,SMB,Basic,US,Mobile,Paid,41,7.47,63,36.3,328.0,1026.03,1,2025-01-29,Price,0,328.0,100,0,Medium Engagement,31–90 Days
C0651,2024-07-08,2025-05-14,310,Individual,Basic,EU,Mobile,Referral,29,6.13,89,34.5,412.28,1118.19,1,2025-05-31,Price,0,412.28,100,0,Medium Engagement,181+ Days
C0652,2024-07-09,2025-03-18,252,Individual,Standard,US,Desktop,Paid,31,7.65,15,27.6,288.92,982.06,0,,Unknown,1,0.0,0,100,Medium Engagement,181+ Days
C0653,2024-11-07,2025-03-18,131,SMB,Premium,US,Desktop,Paid,31,2.27,9,13.2,142.4,310.3,1,2025-04-01,Price,0,142.4,100,0,Low Engagement,91–180 Days
C0654,2024-04-26,2024-09-29,156,Enterprise,Standard,APAC,Mobile,Referral,41,8.94,65,40.3,146.02,250.61,1,2024-10-25,Better Alternative,0,146.02,100,0,Medium Engagement,91–180 Days
C0655,2024-05-13,2024-07-16,64,Individual,Basic,APAC,Desktop,Paid,31,6.24,34,26.9,38.84,97.61,1,2024-07-30,Service Issues,0,38.84,100,0,Medium Engagement,31–90 Days
C0656,2024-02-27,2024-10-31,247,SMB,Basic,APAC,Mobile,Referral,25,2.14,82,22.6,166.61,278.51,0,,Unknown,1,0.0,0,100,Low Engagement,181+ Days
C0657,2024-02-13,2024-08-13,182,SMB,Basic,US,Mobile,Referral,0,5.16,5,13.6,377.41,1297.93,1,2024-08-14,Service Issues,0,377.41,100,0,Low Engagement,181+ Days
C0658,2024-06-21,2025-02-06,230,Individual,Standard,US,Desktop,Paid,41,8.6,18,32.4,42.81,67.53,1,2025-02-16,Price,0,42.81,100,0,Medium Engagement,181+ Days
C0659,2024-06-08,2024-10-14,128,Enterprise,Standard,US,Mobile,Referral,1,9.08,58,31.6,125.26,376.66,0,,Unknown,1,0.0,0,100,Medium Engagement,91–180 Days
C0660,2024-06-21,2025-05-05,318,SMB,Premium,EU,Desktop,Paid,16,3.38,52,19.4,358.99,915.5,0,,Unknown,1,0.0,0,100,Low Engagement,181+ Days
C0661,2024-11-12,2025-05-23,192,Enterprise,Basic,US,Desktop,Referral,29,7.4,7,25.4,395.67,885.21,1,2025-05-27,Price,0,395.67,100,0,Medium Engagement,181+ Days
C0662,2024-10-29,2025-08-22,297,Individual,Standard,APAC,Desktop,Organic,38,1.9,77,23.9,238.55,389.24,1,2025-09-05,Service Issues,0,238.55,100,0,Low Engagement,181+ Days
C0663,2024-05-28,2025-04-09,316,Enterprise,Basic,APAC,Mobile,Referral,6,1.3,9,5.8,355.08,974.46,1,2025-04-19,Service Issues,0,355.08,100,0,Low Engagement,181+ Days
C0664,2024-03-20,2025-01-23,309,SMB,Standard,US,Desktop,Referral,26,6.04,66,30.2,206.22,550.7,1,2025-02-15,Better Alternative,0,206.22,100,0,Medium Engagement,181+ Days
C0665,2024-07-31,2024-10-30,91,SMB,Standard,US,Mobile,Paid,8,7.25,37,25.3,96.76,199.5,0,,Unknown,1,0.0,0,100,Medium Engagement,91–180 Days
C0666,2024-07-21,2025-02-26,220,Enterprise,Standard,APAC,Desktop,Referral,21,8.16,28,28.8,211.11,700.98,1,2025-03-21,Better Alternative,0,211.11,100,0,Medium Engagement,181+ Days
C0667,2024-09-08,2025-02-14,159,Enterprise,Standard,US,Desktop,Organic,33,4.06,14,18.8,298.38,629.05,0,,Unknown,1,0.0,0,100,Low Engagement,91–180 Days
C0668,2024-08-16,2024-10-01,46,Individual,Basic,APAC,Mobile,Organic,45,1.06,86,24.6,475.07,1139.91,1,2024-10-08,Low Engagement,0,475.07,100,0,Low Engagement,31–90 Days
C0669,2024-06-12,2025-06-08,361,SMB,Standard,EU,Desktop,Referral,48,5.32,22,26.2,53.0,137.14,1,2025-06-11,Low Engagement,0,53.0,100,0,Medium Engagement,181+ Days
C0670,2024-08-14,2025-07-01,321,Individual,Basic,APAC,Desktop,Referral,0,1.14,81,15.0,263.55,448.16,1,2025-07-16,Price,0,263.55,100,0,Low Engagement,181+ Days
C0671,2024-05-26,2024-08-02,68,SMB,Standard,EU,Mobile,Organic,8,1.83,45,12.9,177.88,598.45,1,2024-08-17,Price,0,177.88,100,0,Low Engagement,31–90 Days
C0672,2024-01-20,2024-06-08,140,SMB,Basic,US,Mobile,Paid,19,3.94,82,26.0,263.99,593.73,1,2024-06-15,Service Issues,0,263.99,100,0,Medium Engagement,91–180 Days
C0673,2024-02-16,2024-09-14,211,SMB,Standard,US,Mobile,Organic,18,4.93,27,20.0,31.51,52.36,1,2024-10-02,Better Alternative,0,31.51,100,0,Low Engagement,181+ Days
C0674,2024-08-20,2025-04-29,252,SMB,Premium,EU,Desktop,Organic,35,3.52,25,19.6,170.25,387.25,1,2025-05-17,Service Issues,0,170.25,100,0,Low Engagement,181+ Days
C0675,2024-10-31,2024-12-14,44,Enterprise,Premium,US,Mobile,Referral,39,6.24,9,24.8,413.54,1116.73,1,2025-01-06,Service Issues,0,413.54,100,0,Low Engagement,31–90 Days
C0676,2024-01-14,2024-04-25,102,Enterprise,Premium,EU,Mobile,Referral,44,1.5,46,19.4,285.89,722.53,1,2024-05-18,Price,0,285.89,100,0,Low Engagement,91–180 Days
C0677,2024-05-22,2024-12-24,216,SMB,Standard,US,Desktop,Organic,3,2.3,3,6.8,236.28,682.63,1,2025-01-19,Service Issues,0,236.28,100,0,Low Engagement,181+ Days
C0678,2024-01-01,2024-12-28,362,Individual,Standard,APAC,Mobile,Paid,8,7.26,54,27.8,157.05,253.0,1,2024-12-30,Low Engagement,0,157.05,100,0,Medium Engagement,181+ Days
C0679,2024-02-23,2025-01-29,341,SMB,Standard,US,Desktop,Organic,40,2.28,65,23.4,163.06,337.38,1,2025-02-03,Better Alternative,0,163.06,100,0,Low Engagement,181+ Days
C0680,2024-09-15,2025-07-26,314,Individual,Premium,APAC,Desktop,Organic,21,6.76,66,31.0,203.89,639.9,1,2025-07-27,Low Engagement,0,203.89,100,0,Medium Engagement,181+ Days
C0681,2024-05-23,2025-05-17,359,Individual,Basic,APAC,Mobile,Paid,17,1.49,6,8.0,421.07,698.89,1,2025-05-21,Low Engagement,0,421.07,100,0,Low Engagement,181+ Days
C0682,2024-01-12,2024-08-21,222,SMB,Premium,EU,Desktop,Organic,11,4.67,54,22.0,484.26,1554.95,1,2024-09-13,Price,0,484.26,100,0,Low Engagement,181+ Days
C0683,2024-11-25,2025-05-12,168,Enterprise,Premium,US,Mobile,Organic,41,2.6,79,26.6,230.55,388.2,1,2025-05-31,Service Issues,0,230.55,100,0,Medium Engagement,91–180 Days
C0684,2024-08-11,2024-09-13,33,SMB,Standard,EU,Mobile,Referral,42,1.99,30,17.9,208.81,661.7,1,2024-09-24,Price,0,208.81,100,0,Low Engagement,31–90 Days
C0685,2024-09-28,2025-07-27,302,SMB,Basic,US,Mobile,Paid,38,6.1,73,33.8,426.34,947.15,0,,Unknown,1,0.0,0,100,Medium Engagement,181+ Days
C0686,2024-12-23,2025-01-05,13,SMB,Basic,APAC,Mobile,Referral,8,9.36,18,27.7,224.91,612.75,1,2025-01-13,Better Alternative,0,224.91,100,0,Medium Engagement,0–30 Days
C0687,2024-06-04,2025-01-19,229,Individual,Premium,APAC,Desktop,Referral,5,1.49,27,8.8,284.97,514.59,1,2025-02-01,Price,0,284.97,100,0,Low Engagement,181+ Days
C0688,2024-01-08,2024-02-06,29,Enterprise,Basic,US,Desktop,Paid,18,4.79,80,27.6,130.85,213.59,1,2024-02-12,Better Alternative,0,130.85,100,0,Medium Engagement,0–30 Days
C0689,2024-05-01,2024-10-09,161,SMB,Premium,US,Mobile,Paid,47,7.37,27,31.9,376.88,728.09,0,,Unknown,1,0.0,0,100,Medium Engagement,91–180 Days
C0690,2024-12-13,2025-02-10,59,Individual,Basic,EU,Mobile,Organic,46,5.16,18,24.8,275.35,483.43,1,2025-02-26,Low Engagement,0,275.35,100,0,Low Engagement,31–90 Days
C0691,2024-06-12,2024-12-15,186,Enterprise,Basic,US,Desktop,Referral,6,8.26,86,34.8,408.34,867.65,0,,Unknown,1,0.0,0,100,Medium Engagement,181+ Days
C0692,2024-03-30,2024-07-13,105,Individual,Premium,US,Mobile,Paid,15,2.62,19,12.4,394.75,998.23,1,2024-08-09,Better Alternative,0,394.75,100,0,Low Engagement,91–180 Days
C0693,2024-05-15,2024-09-06,114,Enterprise,Standard,US,Desktop,Referral,4,9.64,12,26.7,123.2,329.87,1,2024-09-26,Low Engagement,0,123.2,100,0,Medium Engagement,91–180 Days
C0694,2024-07-04,2025-03-20,259,Enterprise,Standard,EU,Mobile,Referral,15,4.47,76,25.6,363.51,1119.51,0,,Unknown,1,0.0,0,100,Medium Engagement,181+ Days
C0695,2024-11-11,2025-03-17,126,SMB,Standard,US,Desktop,Paid,0,4.07,42,16.5,404.03,1136.33,1,2025-03-19,Service Issues,0,404.03,100,0,Low Engagement,91–180 Days
C0696,2024-06-26,2025-06-24,363,SMB,Basic,APAC,Desktop,Organic,36,8.87,10,30.9,186.13,505.81,1,2025-07-20,Price,0,186.13,100,0,Medium Engagement,181+ Days
C0697,2024-01-28,2024-09-21,237,Individual,Standard,EU,Desktop,Referral,38,6.07,47,29.8,102.85,238.98,0,,Unknown,1,0.0,0,100,Medium Engagement,181+ Days
C0698,2024-08-07,2024-10-21,75,SMB,Basic,EU,Mobile,Paid,18,5.65,14,19.8,21.26,52.04,1,2024-11-13,Service Issues,0,21.26,100,0,Low Engagement,31–90 Days
C0699,2024-12-22,2025-12-01,344,Individual,Premium,APAC,Mobile,Organic,36,7.54,16,28.4,236.43,550.66,1,2025-12-18,Service Issues,0,236.43,100,0,Medium Engagement,181+ Days
C0700,2024-02-10,2024-11-07,271,Enterprise,Premium,APAC,Mobile,Referral,16,6.22,53,26.7,189.17,602.38,1,2024-11-22,Better Alternative,0,189.17,100,0,Medium Engagement,181+ Days
C0701,2024-08-15,2025-06-15,304,SMB,Basic,APAC,Mobile,Paid,25,2.46,49,18.5,286.36,561.27,1,2025-06-19,Service Issues,0,286.36,100,0,Low Engagement,181+ Days
C0702,2024-07-10,2025-03-19,252,SMB,Standard,US,Mobile,Referral,21,7.07,27,25.9,110.26,166.65,1,2025-03-24,Price,0,110.26,100,0,Medium Engagement,181+ Days
C0703,2024-05-24,2024-12-05,195,SMB,Standard,APAC,Desktop,Paid,7,2.2,82,19.2,432.64,1212.53,1,2024-12-11,Low Engagement,0,432.64,100,0,Low Engagement,181+ Days
C0704,2024-07-19,2025-03-31,255,Individual,Basic,US,Desktop,Paid,32,8.25,3,27.5,143.72,273.78,1,2025-04-22,Low Engagement,0,143.72,100,0,Medium Engagement,181+ Days
C0705,2024-07-30,2024-12-11,134,Enterprise,Premium,EU,Desktop,Referral,1,9.91,21,28.1,128.69,422.13,0,,Unknown,1,0.0,0,100,Medium Engagement,91–180 Days
C0706,2024-08-07,2025-05-11,277,SMB,Basic,EU,Desktop,Referral,29,4.4,85,29.6,250.74,806.9,0,,Unknown,1,0.0,0,100,Medium Engagement,181+ Days
C0707,2024-08-27,2025-01-14,140,SMB,Basic,APAC,Desktop,Paid,46,5.0,38,27.4,259.45,428.99,1,2025-02-10,Low Engagement,0,259.45,100,0,Medium Engagement,91–180 Days
C0708,2024-02-15,2024-10-18,246,SMB,Standard,US,Desktop,Organic,19,1.42,33,12.3,123.24,211.08,1,2024-10-24,Service Issues,0,123.24,100,0,Low Engagement,181+ Days
C0709,2024-02-04,2024-03-02,27,Enterprise,Standard,APAC,Desktop,Referral,17,1.12,96,20.6,150.49,374.77,0,,Unknown,1,0.0,0,100,Low Engagement,0–30 Days
C0710,2024-09-09,2024-10-28,49,SMB,Standard,APAC,Mobile,Paid,42,9.29,43,38.1,101.46,275.81,0,,Unknown,1,0.0,0,100,Medium Engagement,31–90 Days
C0711,2024-03-22,2024-04-21,30,Individual,Standard,US,Desktop,Paid,9,2.16,41,13.4,364.86,747.9,1,2024-04-27,Service Issues,0,364.86,100,0,Low Engagement,0–30 Days
C0712,2024-09-12,2025-05-04,234,SMB,Standard,APAC,Mobile,Organic,23,5.01,39,23.0,389.64,1143.05,1,2025-05-19,Service Issues,0,389.64,100,0,Low Engagement,181+ Days
C0713,2024-07-15,2025-07-14,364,SMB,Standard,EU,Desktop,Organic,3,8.34,96,35.8,241.92,650.72,1,2025-08-08,Service Issues,0,241.92,100,0,Medium Engagement,181+ Days
C0714,2024-10-29,2025-08-16,291,Enterprise,Basic,APAC,Desktop,Organic,36,9.0,11,31.4,362.76,779.81,1,2025-09-07,Service Issues,0,362.76,100,0,Medium Engagement,181+ Days
C0715,2024-01-10,2024-01-27,17,Enterprise,Basic,US,Mobile,Referral,3,5.67,1,14.9,373.25,578.81,0,,Unknown,1,0.0,0,100,Low Engagement,0–30 Days
C0716,2024-11-07,2025-02-24,109,Individual,Basic,US,Desktop,Paid,12,6.09,27,21.7,86.37,259.14,1,2025-03-04,Better Alternative,0,86.37,100,0,Low Engagement,91–180 Days
C0717,2024-10-12,2025-06-18,249,Enterprise,Basic,EU,Mobile,Paid,24,7.03,73,33.3,483.77,933.44,0,,Unknown,1,0.0,0,100,Medium Engagement,181+ Days
C0718,2024-08-29,2024-12-03,96,SMB,Standard,US,Desktop,Paid,12,9.65,85,39.3,414.1,1312.26,1,2024-12-22,Low Engagement,0,414.1,100,0,Medium Engagement,91–180 Days
C0719,2024-09-07,2025-07-11,307,Individual,Basic,US,Mobile,Organic,17,6.42,80,31.4,118.15,276.54,0,,Unknown,1,0.0,0,100,Medium Engagement,181+ Days
C0720,2024-12-30,2025-01-22,23,SMB,Basic,EU,Desktop,Paid,23,6.04,89,33.0,109.36,290.26,0,,Unknown,1,0.0,0,100,Medium Engagement,0–30 Days
C0721,2024-01-05,2024-12-13,343,SMB,Basic,APAC,Mobile,Referral,1,1.13,66,12.9,80.32,260.71,1,2024-12-30,Price,0,80.32,100,0,Low Engagement,181+ Days
C0722,2024-04-28,2024-05-09,11,Individual,Premium,EU,Mobile,Organic,47,1.73,70,24.2,86.42,278.9,1,2024-05-22,Better Alternative,0,86.42,100,0,Low Engagement,0–30 Days
C0723,2024-10-15,2025-08-13,302,Individual,Premium,APAC,Desktop,Organic,32,6.19,71,32.5,379.12,850.38,1,2025-09-08,Low Engagement,0,379.12,100,0,Medium Engagement,181+ Days
C0724,2024-03-05,2025-02-02,334,Individual,Standard,EU,Desktop,Organic,18,9.43,83,39.6,245.43,470.68,1,2025-02-04,Service Issues,0,245.43,100,0,Medium Engagement,181+ Days
C0725,2024-05-25,2024-07-14,50,Enterprise,Premium,APAC,Mobile,Organic,8,8.8,75,34.8,395.81,1207.34,1,2024-07-24,Price,0,395.81,100,0,Medium Engagement,31–90 Days
C0726,2024-08-11,2025-07-04,327,Enterprise,Standard,EU,Desktop,Referral,27,9.84,98,44.7,378.2,894.88,1,2025-07-22,Low Engagement,0,378.2,100,0,Medium Engagement,181+ Days
C0727,2024-08-26,2025-07-17,325,SMB,Standard,APAC,Mobile,Paid,34,5.75,80,33.2,310.21,584.46,1,2025-08-09,Better Alternative,0,310.21,100,0,Medium Engagement,181+ Days
C0728,2024-06-25,2024-10-23,120,SMB,Basic,EU,Desktop,Referral,38,8.09,91,41.5,349.46,1156.31,0,,Unknown,1,0.0,0,100,Medium Engagement,91–180 Days
C0729,2024-09-23,2024-10-16,23,Individual,Standard,APAC,Mobile,Paid,9,8.56,9,24.6,28.81,54.63,1,2024-10-29,Better Alternative,0,28.81,100,0,Low Engagement,0–30 Days
C0730,2024-12-06,2025-08-03,240,SMB,Standard,EU,Desktop,Referral,0,6.83,85,29.8,169.65,263.23,1,2025-09-01,Service Issues,0,169.65,100,0,Medium Engagement,181+ Days
C0731,2024-10-08,2025-01-09,93,Individual,Standard,US,Mobile,Organic,41,4.05,56,26.7,326.15,502.45,0,,Unknown,1,0.0,0,100,Medium Engagement,91–180 Days
C0732,2024-03-03,2024-07-20,139,Individual,Standard,APAC,Desktop,Organic,20,5.23,96,31.5,24.49,67.22,1,2024-08-14,Low Engagement,0,24.49,100,0,Medium Engagement,91–180 Days
C0733,2024-08-04,2025-04-01,240,SMB,Standard,EU,Mobile,Referral,8,8.72,85,36.2,35.83,101.16,0,,Unknown,1,0.0,0,100,Medium Engagement,181+ Days
C0734,2024-12-07,2025-11-07,335,Enterprise,Standard,APAC,Mobile,Referral,46,3.69,36,23.8,428.91,910.18,1,2025-12-06,Service Issues,0,428.91,100,0,Low Engagement,181+ Days
C0735,2024-11-10,2025-04-13,154,Individual,Premium,APAC,Desktop,Paid,14,9.31,76,37.5,348.33,745.43,1,2025-05-05,Price,0,348.33,100,0,Medium Engagement,91–180 Days
C0736,2024-10-09,2025-09-28,354,SMB,Basic,EU,Desktop,Referral,34,3.07,90,28.0,147.38,321.14,1,2025-10-01,Better Alternative,0,147.38,100,0,Medium Engagement,181+ Days
C0737,2024-06-25,2024-08-01,37,Individual,Standard,APAC,Mobile,Referral,4,7.75,63,29.6,350.22,1001.74,1,2024-08-24,Price,0,350.22,100,0,Medium Engagement,31–90 Days
C0738,2024-04-07,2024-06-21,75,Enterprise,Basic,EU,Mobile,Paid,40,6.68,78,36.4,400.38,647.12,1,2024-06-26,Service Issues,0,400.38,100,0,Medium Engagement,31–90 Days
C0739,2024-04-14,2024-10-03,172,SMB,Standard,US,Mobile,Paid,21,7.75,85,36.3,167.26,561.7,1,2024-10-17,Low Engagement,0,167.26,100,0,Medium Engagement,91–180 Days
C0740,2024-04-08,2024-12-02,238,Enterprise,Standard,APAC,Mobile,Paid,40,4.94,93,34.3,37.3,72.55,1,2024-12-24,Price,0,37.3,100,0,Medium Engagement,181+ Days
C0741,2024-11-06,2025-08-03,270,Individual,Basic,US,Desktop,Referral,22,9.39,39,33.7,467.73,1636.75,1,2025-08-20,Service Issues,0,467.73,100,0,Medium Engagement,181+ Days
C0742,2024-01-06,2024-06-27,173,SMB,Standard,APAC,Mobile,Paid,6,6.69,97,32.5,185.69,342.24,1,2024-07-23,Price,0,185.69,100,0,Medium Engagement,91–180 Days
C0743,2024-07-15,2025-05-21,310,Individual,Basic,APAC,Mobile,Organic,22,3.59,59,22.2,71.11,216.39,1,2025-06-19,Price,0,71.11,100,0,Low Engagement,181+ Days
C0744,2024-12-16,2025-10-24,312,SMB,Standard,APAC,Mobile,Organic,43,6.75,97,40.0,256.09,498.56,1,2025-11-22,Low Engagement,0,256.09,100,0,Medium Engagement,181+ Days
C0745,2024-05-12,2025-03-04,296,Individual,Basic,EU,Desktop,Organic,24,3.58,47,20.8,388.86,646.17,1,2025-03-26,Price,0,388.86,100,0,Low Engagement,181+ Days
C0746,2024-12-23,2025-01-11,19,Individual,Standard,US,Mobile,Referral,26,3.64,98,29.0,126.39,410.75,1,2025-01-14,Service Issues,0,126.39,100,0,Medium Engagement,0–30 Days
C0747,2024-09-15,2025-04-07,204,SMB,Basic,APAC,Desktop,Organic,40,4.6,18,22.2,149.36,480.57,1,2025-04-13,Low Engagement,0,149.36,100,0,Low Engagement,181+ Days
C0748,2024-01-23,2024-05-29,127,SMB,Standard,EU,Desktop,Referral,5,8.67,71,33.3,136.5,314.92,1,2024-06-13,Low Engagement,0,136.5,100,0,Medium Engagement,91–180 Days
C0749,2024-02-22,2024-11-27,279,Individual,Basic,APAC,Desktop,Referral,33,5.5,32,25.2,496.0,1440.78,1,2024-12-08,Better Alternative,0,496.0,100,0,Medium Engagement,181+ Days
C0750,2024-06-13,2024-09-10,89,Enterprise,Premium,EU,Desktop,Organic,8,7.11,43,25.8,114.75,299.97,1,2024-09-19,Low Engagement,0,114.75,100,0,Medium Engagement,31–90 Days
C0751,2024-07-20,2024-10-30,102,Individual,Premium,APAC,Desktop,Paid,48,4.53,91,34.6,296.25,949.75,1,2024-11-14,Service Issues,0,296.25,100,0,Medium Engagement,91–180 Days
C0752,2024-03-23,2024-12-23,275,SMB,Premium,US,Desktop,Referral,32,3.37,36,20.2,464.13,988.65,1,2025-01-21,Low Engagement,0,464.13,100,0,Low Engagement,181+ Days
C0753,2024-05-24,2025-04-30,341,Individual,Standard,US,Desktop,Organic,5,9.59,88,38.2,90.51,230.56,0,,Unknown,1,0.0,0,100,Medium Engagement,181+ Days
C0754,2024-03-25,2025-03-19,359,Individual,Standard,APAC,Mobile,Referral,36,6.43,35,28.5,486.01,1200.81,1,2025-03-20,Price,0,486.01,100,0,Medium Engagement,181+ Days
C0755,2024-03-18,2024-12-09,266,Individual,Basic,EU,Mobile,Paid,30,9.41,80,41.5,474.79,1048.25,1,2024-12-25,Service Issues,0,474.79,100,0,Medium Engagement,181+ Days
C0756,2024-01-01,2024-05-22,142,SMB,Basic,APAC,Desktop,Paid,33,2.83,87,26.7,444.59,1459.55,1,2024-06-06,Low Engagement,0,444.59,100,0,Medium Engagement,91–180 Days
C0757,2024-02-20,2024-12-01,285,Enterprise,Basic,EU,Mobile,Organic,40,2.32,20,16.8,122.99,225.29,1,2024-12-18,Better Alternative,0,122.99,100,0,Low Engagement,181+ Days
C0758,2024-06-21,2025-03-21,273,Enterprise,Standard,APAC,Mobile,Referral,28,8.7,1,27.5,324.35,583.51,0,,Unknown,1,0.0,0,100,Medium Engagement,181+ Days
C0759,2024-07-23,2025-01-19,180,SMB,Premium,EU,Desktop,Referral,13,7.13,30,24.9,385.23,1022.33,0,,Unknown,1,0.0,0,100,Low Engagement,91–180 Days
C0760,2024-09-16,2024-09-26,10,Enterprise,Basic,US,Mobile,Referral,35,2.68,96,28.1,493.29,1388.61,1,2024-09-29,Price,0,493.29,100,0,Medium Engagement,0–30 Days
C0761,2024-10-14,2025-09-01,322,SMB,Premium,APAC,Desktop,Referral,35,3.42,29,19.9,106.6,201.39,1,2025-09-18,Better Alternative,0,106.6,100,0,Low Engagement,181+ Days
C0762,2024-02-03,2024-04-16,73,Individual,Standard,US,Mobile,Organic,14,8.21,75,34.6,387.69,884.49,1,2024-05-15,Price,0,387.69,100,0,Medium Engagement,31–90 Days
C0763,2024-12-13,2025-10-02,293,Enterprise,Standard,US,Desktop,Paid,7,5.08,43,20.6,182.62,619.65,0,,Unknown,1,0.0,0,100,Low Engagement,181+ Days
C0764,2024-04-04,2024-08-12,130,SMB,Basic,APAC,Desktop,Organic,25,7.03,11,24.2,104.3,207.89,1,2024-09-01,Low Engagement,0,104.3,100,0,Low Engagement,91–180 Days
C0765,2024-03-12,2024-07-06,116,Individual,Basic,APAC,Mobile,Referral,35,3.87,50,24.2,222.26,630.49,0,,Unknown,1,0.0,0,100,Low Engagement,91–180 Days
C0766,2024-02-08,2024-08-10,184,Enterprise,Standard,EU,Mobile,Referral,47,4.43,48,27.7,401.04,1195.22,1,2024-08-11,Better Alternative,0,401.04,100,0,Medium Engagement,181+ Days
C0767,2024-06-02,2025-01-01,213,SMB,Standard,EU,Desktop,Paid,20,9.92,23,32.2,243.13,582.6,0,,Unknown,1,0.0,0,100,Medium Engagement,181+ Days
C0768,2024-09-06,2025-02-27,174,Individual,Basic,US,Desktop,Referral,27,3.23,23,16.9,278.01,938.3,1,2025-03-25,Better Alternative,0,278.01,100,0,Low Engagement,91–180 Days
C0769,2024-06-10,2025-04-20,314,Individual,Standard,EU,Desktop,Organic,3,5.56,59,23.3,497.68,1479.76,1,2025-04-27,Better Alternative,0,497.68,100,0,Low Engagement,181+ Days
C0770,2024-04-27,2024-09-03,129,Enterprise,Premium,EU,Mobile,Organic,15,8.6,10,26.0,211.57,511.12,1,2024-09-23,Low Engagement,0,211.57,100,0,Medium Engagement,91–180 Days
C0771,2024-09-15,2024-11-07,53,SMB,Premium,APAC,Mobile,Paid,21,3.15,12,13.9,315.39,832.21,1,2024-11-18,Better Alternative,0,315.39,100,0,Low Engagement,31–90 Days
C0772,2024-11-01,2025-09-18,321,Individual,Premium,EU,Mobile,Organic,11,4.74,90,27.6,195.32,563.54,1,2025-10-02,Price,0,195.32,100,0,Medium Engagement,181+ Days
C0773,2024-09-24,2025-03-08,165,Enterprise,Basic,US,Mobile,Organic,15,6.54,71,30.0,208.54,559.8,0,,Unknown,1,0.0,0,100,Medium Engagement,91–180 Days
C0774,2024-02-23,2024-09-26,216,SMB,Basic,EU,Desktop,Organic,39,5.33,73,32.1,353.91,1152.82,1,2024-10-16,Low Engagement,0,353.91,100,0,Medium Engagement,181+ Days
C0775,2024-08-23,2024-12-18,117,Enterprise,Standard,US,Desktop,Organic,37,5.14,71,30.9,470.19,1040.9,1,2025-01-14,Price,0,470.19,100,0,Medium Engagement,91–180 Days
C0776,2024-08-09,2025-04-26,260,Enterprise,Basic,APAC,Desktop,Referral,41,4.26,63,28.3,280.33,588.63,1,2025-05-05,Price,0,280.33,100,0,Medium Engagement,181+ Days
C0777,2024-09-07,2025-08-16,343,Enterprise,Basic,US,Desktop,Organic,36,6.28,19,25.8,388.83,749.54,1,2025-09-01,Service Issues,0,388.83,100,0,Medium Engagement,181+ Days
C0778,2024-11-08,2025-03-27,139,Enterprise,Basic,EU,Mobile,Paid,28,6.62,71,32.8,62.82,98.98,0,,Unknown,1,0.0,0,100,Medium Engagement,91–180 Days
C0779,2024-04-21,2025-02-17,302,Individual,Basic,APAC,Desktop,Paid,17,6.88,72,31.4,121.36,192.48,1,2025-02-27,Low Engagement,0,121.36,100,0,Medium Engagement,181+ Days
C0780,2024-09-11,2024-10-10,29,Individual,Basic,EU,Desktop,Organic,9,1.63,70,16.4,261.02,845.73,1,2024-10-28,Low Engagement,0,261.02,100,0,Low Engagement,0–30 Days
C0781,2024-10-29,2025-08-16,291,SMB,Basic,APAC,Mobile,Paid,41,6.68,77,36.4,29.61,84.59,1,2025-09-12,Service Issues,0,29.61,100,0,Medium Engagement,181+ Days
C0782,2024-07-25,2025-05-15,294,Individual,Basic,APAC,Mobile,Organic,38,9.58,27,35.6,141.37,398.81,1,2025-05-24,Better Alternative,0,141.37,100,0,Medium Engagement,181+ Days
C0783,2024-08-16,2024-08-26,10,Individual,Basic,EU,Desktop,Paid,17,5.87,1,18.2,268.35,732.4,1,2024-09-01,Low Engagement,0,268.35,100,0,Low Engagement,0–30 Days
C0784,2024-12-06,2025-04-13,128,Enterprise,Standard,EU,Mobile,Paid,0,7.44,42,24.9,27.18,86.93,0,,Unknown,1,0.0,0,100,Low Engagement,91–180 Days
C0785,2024-03-06,2024-04-19,44,Enterprise,Standard,APAC,Desktop,Organic,38,6.01,7,23.7,146.98,361.65,1,2024-05-04,Price,0,146.98,100,0,Low Engagement,31–90 Days
C0786,2024-03-15,2024-10-08,207,Individual,Standard,APAC,Mobile,Organic,20,8.69,12,27.5,266.73,864.42,1,2024-10-24,Service Issues,0,266.73,100,0,Medium Engagement,181+ Days
C0787,2024-04-12,2024-12-22,254,Enterprise,Basic,EU,Mobile,Referral,0,9.37,84,36.0,295.11,654.82,1,2025-01-12,Service Issues,0,295.11,100,0,Medium Engagement,181+ Days
C0788,2024-07-10,2024-09-16,68,Individual,Basic,US,Desktop,Organic,14,2.66,91,23.1,464.36,1557.19,0,,Unknown,1,0.0,0,100,Low Engagement,31–90 Days
C0789,2024-09-08,2025-08-08,334,Enterprise,Standard,EU,Mobile,Organic,3,4.93,34,18.0,329.77,955.45,1,2025-08-18,Low Engagement,0,329.77,100,0,Low Engagement,181+ Days
C0790,2024-08-13,2025-01-30,170,Individual,Standard,APAC,Desktop,Referral,19,4.53,22,18.4,219.07,441.28,1,2025-02-17,Low Engagement,0,219.07,100,0,Low Engagement,91–180 Days
C0791,2024-10-20,2025-04-26,188,SMB,Standard,EU,Mobile,Organic,9,4.65,45,20.2,466.57,1226.23,1,2025-05-05,Service Issues,0,466.57,100,0,Low Engagement,181+ Days
C0792,2024-11-01,2025-06-04,215,SMB,Basic,US,Mobile,Organic,22,2.13,14,11.8,396.74,1018.06,1,2025-06-28,Better Alternative,0,396.74,100,0,Low Engagement,181+ Days
C0793,2024-04-07,2024-04-28,21,Individual,Premium,EU,Mobile,Referral,40,8.32,1,29.0,116.0,205.99,0,,Unknown,1,0.0,0,100,Medium Engagement,0–30 Days
C0794,2024-12-03,2025-09-14,285,SMB,Basic,APAC,Mobile,Organic,33,1.32,60,18.9,82.8,222.11,1,2025-09-15,Service Issues,0,82.8,100,0,Low Engagement,181+ Days
C0795,2024-10-12,2025-04-20,190,SMB,Basic,EU,Mobile,Organic,45,5.75,75,34.6,344.39,733.4,0,,Unknown,1,0.0,0,100,Medium Engagement,181+ Days
C0796,2024-11-30,2025-08-08,251,SMB,Standard,APAC,Desktop,Referral,47,6.96,63,36.2,288.74,463.34,1,2025-09-01,Better Alternative,0,288.74,100,0,Medium Engagement,181+ Days
C0797,2024-12-12,2025-07-25,225,SMB,Standard,APAC,Mobile,Referral,32,2.87,51,21.2,399.04,1355.66,1,2025-08-04,Service Issues,0,399.04,100,0,Low Engagement,181+ Days
C0798,2024-11-03,2025-07-21,260,SMB,Basic,EU,Desktop,Paid,33,9.15,35,34.7,374.63,1042.59,0,,Unknown,1,0.0,0,100,Medium Engagement,181+ Days
C0799,2024-09-05,2025-07-10,308,Individual,Basic,APAC,Mobile,Organic,38,8.55,66,38.9,320.1,1041.55,1,2025-07-28,Better Alternative,0,320.1,100,0,Medium Engagement,181+ Days
C0800,2024-06-14,2024-10-27,135,SMB,Standard,APAC,Desktop,Paid,9,5.24,68,25.1,493.46,1407.4,1,2024-11-16,Low Engagement,0,493.46,100,0,Medium Engagement,91–180 Days
C0801,2024-11-30,2025-07-14,226,Individual,Basic,US,Mobile,Paid,19,4.7,66,25.5,276.12,611.32,1,2025-08-04,Low Engagement,0,276.12,100,0,Medium Engagement,181+ Days
C0802,2024-01-30,2024-12-10,315,Individual,Basic,US,Desktop,Referral,0,3.13,46,14.7,74.29,187.61,1,2024-12-20,Low Engagement,0,74.29,100,0,Low Engagement,181+ Days
C0803,2024-09-03,2025-06-24,294,Individual,Basic,US,Desktop,Organic,12,7.57,82,33.6,417.57,1190.7,1,2025-07-03,Better Alternative,0,417.57,100,0,Medium Engagement,181+ Days
C0804,2024-04-15,2024-10-26,194,SMB,Premium,US,Mobile,Organic,0,2.19,1,5.6,140.89,481.91,0,,Unknown,1,0.0,0,100,Low Engagement,181+ Days
C0805,2024-02-20,2024-04-08,48,Individual,Basic,APAC,Mobile,Referral,4,7.12,43,25.0,393.11,789.11,0,,Unknown,1,0.0,0,100,Low Engagement,31–90 Days
C0806,2024-03-21,2024-11-08,232,Enterprise,Premium,EU,Mobile,Paid,15,8.58,63,33.9,479.41,1558.06,1,2024-11-18,Low Engagement,0,479.41,100,0,Medium Engagement,181+ Days
C0807,2024-05-12,2024-11-21,193,Individual,Standard,APAC,Desktop,Referral,14,3.06,80,22.5,354.46,1186.79,1,2024-11-29,Service Issues,0,354.46,100,0,Low Engagement,181+ Days
C0808,2024-10-11,2025-04-16,187,Individual,Premium,APAC,Desktop,Organic,48,8.8,77,43.2,306.09,869.55,1,2025-05-03,Price,0,306.09,100,0,Medium Engagement,181+ Days
C0809,2024-05-17,2025-03-16,303,Individual,Premium,APAC,Mobile,Referral,27,1.3,27,12.7,240.99,810.34,1,2025-04-14,Service Issues,0,240.99,100,0,Low Engagement,181+ Days
C0810,2024-07-02,2025-06-16,349,SMB,Basic,EU,Mobile,Organic,30,9.22,90,42.6,194.92,447.49,1,2025-07-04,Service Issues,0,194.92,100,0,Medium Engagement,181+ Days
C0811,2024-11-25,2025-05-04,160,Individual,Basic,US,Desktop,Paid,22,2.07,53,17.5,189.44,645.24,1,2025-05-21,Price,0,189.44,100,0,Low Engagement,91–180 Days
C0812,2024-09-29,2025-02-11,135,Enterprise,Basic,APAC,Desktop,Organic,47,6.81,73,37.4,325.46,945.65,1,2025-03-12,Better Alternative,0,325.46,100,0,Medium Engagement,91–180 Days
C0813,2024-12-05,2025-10-11,310,Individual,Basic,APAC,Mobile,Paid,44,3.25,66,26.8,380.61,602.89,1,2025-10-25,Low Engagement,0,380.61,100,0,Medium Engagement,181+ Days
C0814,2024-03-09,2025-01-20,317,Individual,Standard,US,Desktop,Paid,42,8.53,35,35.0,345.69,1145.53,1,2025-02-06,Low Engagement,0,345.69,100,0,Medium Engagement,181+ Days
C0815,2024-02-03,2025-01-13,345,SMB,Basic,APAC,Mobile,Organic,16,5.61,62,26.5,115.24,284.52,1,2025-01-21,Price,0,115.24,100,0,Medium Engagement,181+ Days
C0816,2024-09-18,2025-05-19,243,Individual,Basic,EU,Mobile,Organic,48,2.22,24,18.8,257.11,622.37,1,2025-06-15,Better Alternative,0,257.11,100,0,Low Engagement,181+ Days
C0817,2024-02-22,2024-03-10,17,SMB,Basic,APAC,Mobile,Paid,33,6.14,85,34.7,399.99,1053.15,1,2024-04-01,Price,0,399.99,100,0,Medium Engagement,0–30 Days
C0818,2024-07-23,2025-07-08,350,SMB,Premium,APAC,Desktop,Referral,12,4.67,47,21.1,248.34,446.71,1,2025-07-24,Service Issues,0,248.34,100,0,Low Engagement,181+ Days
C0819,2024-05-05,2024-09-20,138,SMB,Basic,US,Desktop,Organic,13,6.95,38,25.7,277.58,676.83,1,2024-10-07,Low Engagement,0,277.58,100,0,Medium Engagement,91–180 Days
C0820,2024-08-22,2025-05-22,273,SMB,Basic,APAC,Desktop,Paid,10,8.94,46,31.2,390.15,1233.75,1,2025-06-18,Better Alternative,0,390.15,100,0,Medium Engagement,181+ Days
C0821,2024-02-12,2024-07-27,166,Individual,Basic,APAC,Desktop,Paid,27,4.68,93,31.0,337.41,516.56,1,2024-08-16,Service Issues,0,337.41,100,0,Medium Engagement,91–180 Days
C0822,2024-08-27,2025-08-23,361,SMB,Premium,EU,Mobile,Referral,41,3.61,20,20.2,216.49,442.9,1,2025-08-31,Better Alternative,0,216.49,100,0,Low Engagement,181+ Days
C0823,2024-04-20,2024-05-04,14,SMB,Standard,US,Desktop,Organic,31,1.13,29,13.4,449.8,676.91,0,,Unknown,1,0.0,0,100,Low Engagement,0–30 Days
C0824,2024-09-05,2024-12-09,95,Individual,Basic,US,Mobile,Paid,34,6.17,91,35.9,98.03,228.55,1,2024-12-20,Better Alternative,0,98.03,100,0,Medium Engagement,91–180 Days
C0825,2024-05-30,2024-11-30,184,Individual,Basic,EU,Mobile,Referral,30,4.62,30,22.0,497.85,1471.96,1,2024-12-18,Low Engagement,0,497.85,100,0,Low Engagement,181+ Days
C0826,2024-07-01,2025-04-26,299,Individual,Basic,APAC,Mobile,Paid,16,4.37,25,17.9,77.05,238.67,1,2025-05-18,Service Issues,0,77.05,100,0,Low Engagement,181+ Days
C0827,2024-12-01,2025-06-21,202,Individual,Basic,US,Desktop,Organic,46,2.65,21,19.0,27.18,92.15,0,,Unknown,1,0.0,0,100,Low Engagement,181+ Days
C0828,2024-04-04,2025-02-18,320,Individual,Premium,US,Mobile,Referral,8,4.87,20,16.8,447.21,1215.07,1,2025-03-05,Service Issues,0,447.21,100,0,Low Engagement,181+ Days
C0829,2024-01-08,2024-05-15,128,SMB,Standard,APAC,Mobile,Paid,9,9.86,0,26.4,137.58,276.43,0,,Unknown,1,0.0,0,100,Medium Engagement,91–180 Days
C0830,2024-12-25,2025-08-09,227,SMB,Basic,APAC,Desktop,Referral,7,3.68,36,16.0,370.26,1239.74,1,2025-09-01,Low Engagement,0,370.26,100,0,Low Engagement,181+ Days
C0831,2024-07-02,2024-11-02,123,Individual,Premium,US,Mobile,Organic,20,6.4,76,31.4,409.29,1248.59,0,,Unknown,1,0.0,0,100,Medium Engagement,91–180 Days
C0832,2024-10-07,2025-03-10,154,SMB,Basic,APAC,Desktop,Referral,12,7.99,84,35.0,432.31,1145.13,1,2025-03-28,Service Issues,0,432.31,100,0,Medium Engagement,91–180 Days
C0833,2024-07-13,2024-08-17,35,Individual,Standard,US,Desktop,Organic,49,7.74,45,35.9,495.97,1433.99,1,2024-09-06,Price,0,495.97,100,0,Medium Engagement,31–90 Days
C0834,2024-12-17,2025-05-11,145,SMB,Premium,APAC,Desktop,Paid,4,3.96,8,11.9,161.14,539.6,1,2025-05-19,Low Engagement,0,161.14,100,0,Low Engagement,91–180 Days
C0835,2024-07-13,2025-05-21,312,SMB,Basic,APAC,Mobile,Organic,5,6.5,16,19.6,360.92,1055.61,0,,Unknown,1,0.0,0,100,Low Engagement,181+ Days
C0836,2024-06-03,2025-01-30,241,Enterprise,Standard,EU,Desktop,Paid,29,8.84,46,34.8,75.39,168.63,1,2025-02-18,Better Alternative,0,75.39,100,0,Medium Engagement,181+ Days
C0837,2024-04-02,2024-06-26,85,Individual,Basic,APAC,Desktop,Paid,30,1.14,84,21.4,215.27,629.89,1,2024-07-04,Low Engagement,0,215.27,100,0,Low Engagement,31–90 Days
C0838,2024-06-08,2025-05-11,337,Enterprise,Basic,EU,Desktop,Organic,16,4.92,94,29.6,427.03,674.94,1,2025-06-05,Service Issues,0,427.03,100,0,Medium Engagement,181+ Days
C0839,2024-03-01,2025-02-18,354,Individual,Basic,APAC,Desktop,Paid,10,3.02,58,18.2,196.48,446.57,1,2025-02-24,Better Alternative,0,196.48,100,0,Low Engagement,181+ Days
C0840,2024-05-01,2025-03-08,311,SMB,Basic,US,Mobile,Referral,19,4.5,53,23.0,303.73,702.42,1,2025-03-11,Better Alternative,0,303.73,100,0,Low Engagement,181+ Days
C0841,2024-02-20,2024-12-14,298,SMB,Standard,US,Desktop,Paid,47,4.74,85,34.0,261.81,480.07,0,,Unknown,1,0.0,0,100,Medium Engagement,181+ Days
C0842,2024-10-03,2024-10-13,10,Individual,Premium,APAC,Mobile,Organic,8,7.72,11,22.6,330.06,510.33,1,2024-10-24,Price,0,330.06,100,0,Low Engagement,0–30 Days
C0843,2024-01-05,2024-06-09,156,Individual,Standard,APAC,Desktop,Referral,1,1.84,63,14.2,486.99,860.4,1,2024-06-19,Service Issues,0,486.99,100,0,Low Engagement,91–180 Days
C0844,2024-04-01,2025-01-22,296,SMB,Premium,US,Mobile,Referral,36,5.61,5,22.0,46.75,131.33,1,2025-02-05,Low Engagement,0,46.75,100,0,Low Engagement,181+ Days
C0845,2024-06-18,2024-11-16,151,Individual,Premium,APAC,Desktop,Paid,0,6.08,52,23.0,295.5,917.4,1,2024-12-14,Low Engagement,0,295.5,100,0,Low Engagement,91–180 Days
C0846,2024-11-12,2025-01-13,62,SMB,Basic,EU,Mobile,Paid,3,5.45,15,16.5,434.25,1509.63,1,2025-02-06,Service Issues,0,434.25,100,0,Low Engagement,31–90 Days
C0847,2024-01-22,2024-11-30,313,Enterprise,Basic,EU,Desktop,Organic,35,7.59,89,39.3,251.06,550.51,1,2024-12-09,Better Alternative,0,251.06,100,0,Medium Engagement,181+ Days
C0848,2024-11-21,2025-02-07,78,SMB,Basic,EU,Mobile,Referral,24,4.45,4,16.5,57.69,155.69,1,2025-03-03,Better Alternative,0,57.69,100,0,Low Engagement,31–90 Days
C0849,2024-01-01,2024-04-09,99,Individual,Standard,EU,Mobile,Organic,2,9.5,72,34.9,289.06,975.37,1,2024-05-05,Better Alternative,0,289.06,100,0,Medium Engagement,91–180 Days
C0850,2024-05-12,2024-12-27,229,Individual,Premium,EU,Mobile,Paid,8,5.34,45,21.7,179.4,329.03,1,2025-01-19,Better Alternative,0,179.4,100,0,Low Engagement,181+ Days
C0851,2024-08-20,2025-03-09,201,SMB,Basic,APAC,Desktop,Referral,21,6.14,13,21.5,94.37,277.0,0,,Unknown,1,0.0,0,100,Low Engagement,181+ Days
C0852,2024-01-12,2024-03-24,72,Individual,Standard,APAC,Mobile,Organic,22,8.43,43,31.9,427.54,1286.88,0,,Unknown,1,0.0,0,100,Medium Engagement,31–90 Days
C0853,2024-12-11,2025-03-03,82,Enterprise,Standard,EU,Mobile,Organic,11,3.48,62,20.2,270.37,453.67,1,2025-03-13,Low Engagement,0,270.37,100,0,Low Engagement,31–90 Days
C0854,2024-02-15,2024-08-03,170,SMB,Standard,APAC,Mobile,Organic,9,1.68,93,20.0,467.97,1508.03,1,2024-08-07,Service Issues,0,467.97,100,0,Low Engagement,91–180 Days
C0855,2024-02-03,2024-07-30,178,SMB,Basic,APAC,Mobile,Organic,33,7.37,51,32.7,406.89,1272.02,1,2024-08-12,Low Engagement,0,406.89,100,0,Medium Engagement,91–180 Days
C0856,2024-03-18,2024-06-24,98,SMB,Basic,EU,Desktop,Organic,42,5.35,25,25.5,352.63,552.5,0,,Unknown,1,0.0,0,100,Medium Engagement,91–180 Days
C0857,2024-08-05,2025-02-06,185,SMB,Basic,APAC,Mobile,Referral,9,9.07,52,32.3,22.41,37.7,1,2025-03-07,Low Engagement,0,22.41,100,0,Medium Engagement,181+ Days
C0858,2024-10-27,2025-08-01,278,Enterprise,Basic,APAC,Mobile,Organic,29,9.84,28,34.6,225.36,360.18,1,2025-08-28,Price,0,225.36,100,0,Medium Engagement,181+ Days
C0859,2024-03-13,2024-06-03,82,Individual,Basic,APAC,Mobile,Referral,21,4.59,18,18.4,114.79,249.04,1,2024-06-16,Price,0,114.79,100,0,Low Engagement,31–90 Days
C0860,2024-10-08,2025-06-19,254,Enterprise,Standard,EU,Desktop,Organic,5,4.74,46,19.8,457.18,1151.44,1,2025-07-15,Service Issues,0,457.18,100,0,Low Engagement,181+ Days
C0861,2024-09-05,2024-11-30,86,SMB,Basic,APAC,Mobile,Paid,49,4.67,7,22.5,103.8,266.22,1,2024-12-05,Service Issues,0,103.8,100,0,Low Engagement,31–90 Days
C0862,2024-02-16,2024-08-02,168,SMB,Premium,US,Mobile,Paid,1,3.92,22,13.3,157.31,320.18,0,,Unknown,1,0.0,0,100,Low Engagement,91–180 Days
C0863,2024-04-30,2025-03-29,333,SMB,Standard,US,Mobile,Organic,29,8.04,34,31.0,268.08,890.88,1,2025-04-12,Price,0,268.08,100,0,Medium Engagement,181+ Days
C0864,2024-08-01,2024-11-16,107,Enterprise,Standard,EU,Mobile,Paid,1,7.83,94,33.9,146.41,327.45,0,,Unknown,1,0.0,0,100,Medium Engagement,91–180 Days
C0865,2024-08-26,2024-12-15,111,Individual,Basic,US,Desktop,Referral,31,5.31,52,27.3,120.74,192.11,1,2024-12-29,Service Issues,0,120.74,100,0,Medium Engagement,91–180 Days
C0866,2024-02-25,2024-07-15,141,SMB,Standard,EU,Mobile,Organic,41,1.4,98,26.4,307.57,646.04,1,2024-07-31,Price,0,307.57,100,0,Medium Engagement,91–180 Days
C0867,2024-12-15,2025-04-05,111,Individual,Premium,US,Mobile,Referral,15,3.79,95,26.7,62.69,160.63,1,2025-04-29,Better Alternative,0,62.69,100,0,Medium Engagement,91–180 Days
C0868,2024-04-16,2024-05-14,28,Individual,Basic,US,Desktop,Organic,11,3.63,57,19.8,47.92,111.0,1,2024-06-02,Price,0,47.92,100,0,Low Engagement,0–30 Days
C0869,2024-11-14,2025-02-13,91,Enterprise,Basic,US,Desktop,Paid,0,8.3,4,21.4,198.68,406.83,1,2025-03-07,Low Engagement,0,198.68,100,0,Low Engagement,91–180 Days
C0870,2024-02-17,2024-12-01,288,Individual,Standard,EU,Desktop,Referral,7,1.79,15,8.1,365.92,644.99,1,2024-12-19,Better Alternative,0,365.92,100,0,Low Engagement,181+ Days
C0871,2024-03-01,2025-02-12,348,Enterprise,Basic,EU,Mobile,Paid,47,8.25,16,32.4,286.31,898.53,1,2025-02-20,Better Alternative,0,286.31,100,0,Medium Engagement,181+ Days
C0872,2024-12-02,2025-11-07,340,Individual,Basic,APAC,Desktop,Paid,49,7.02,31,32.0,222.98,778.71,1,2025-11-30,Low Engagement,0,222.98,100,0,Medium Engagement,181+ Days
C0873,2024-01-26,2024-06-12,138,Enterprise,Basic,EU,Mobile,Organic,12,7.59,95,35.6,291.56,629.5,0,,Unknown,1,0.0,0,100,Medium Engagement,91–180 Days
C0874,2024-10-18,2025-10-06,353,Enterprise,Basic,US,Desktop,Referral,14,4.89,51,22.7,195.42,442.28,1,2025-10-20,Low Engagement,0,195.42,100,0,Low Engagement,181+ Days
C0875,2024-09-13,2025-07-29,319,SMB,Standard,US,Mobile,Paid,43,7.12,19,29.2,469.35,1284.18,1,2025-08-07,Price,0,469.35,100,0,Medium Engagement,181+ Days
C0876,2024-01-08,2024-04-15,98,SMB,Basic,EU,Desktop,Organic,7,6.48,65,27.4,46.35,136.12,1,2024-04-23,Price,0,46.35,100,0,Medium Engagement,91–180 Days
C0877,2024-04-22,2024-11-30,222,SMB,Premium,EU,Mobile,Organic,9,7.92,83,34.0,343.23,783.96,0,,Unknown,1,0.0,0,100,Medium Engagement,181+ Days
C0878,2024-12-20,2025-05-21,152,Enterprise,Standard,EU,Desktop,Organic,45,5.02,81,33.7,447.82,1482.22,0,,Unknown,1,0.0,0,100,Medium Engagement,91–180 Days
C0879,2024-09-09,2024-11-22,74,SMB,Standard,APAC,Mobile,Paid,4,5.26,0,14.0,405.86,1063.36,1,2024-12-15,Better Alternative,0,405.86,100,0,Low Engagement,31–90 Days
C0880,2024-06-28,2024-09-21,85,Individual,Standard,US,Mobile,Organic,49,6.79,57,35.3,108.34,260.1,1,2024-10-15,Service Issues,0,108.34,100,0,Medium Engagement,31–90 Days
C0881,2024-07-25,2025-02-18,208,Individual,Premium,APAC,Mobile,Referral,18,1.97,92,22.3,162.04,452.63,1,2025-02-28,Price,0,162.04,100,0,Low Engagement,181+ Days
C0882,2024-10-29,2025-03-30,152,Enterprise,Basic,APAC,Mobile,Referral,46,4.93,92,35.3,364.18,1240.25,1,2025-04-09,Price,0,364.18,100,0,Medium Engagement,91–180 Days
C0883,2024-05-06,2025-03-27,325,SMB,Premium,US,Mobile,Paid,37,9.75,82,44.1,60.45,186.74,1,2025-04-21,Service Issues,0,60.45,100,0,Medium Engagement,181+ Days
C0884,2024-02-25,2024-06-06,102,Individual,Standard,US,Mobile,Referral,10,1.34,43,11.8,409.69,647.32,0,,Unknown,1,0.0,0,100,Low Engagement,91–180 Days
C0885,2024-08-01,2025-06-11,314,Individual,Standard,EU,Mobile,Organic,42,3.84,5,18.8,365.08,790.26,1,2025-06-17,Low Engagement,0,365.08,100,0,Low Engagement,181+ Days
C0886,2024-01-14,2024-09-03,233,Individual,Standard,EU,Mobile,Paid,19,3.83,49,20.7,370.21,903.72,1,2024-09-20,Price,0,370.21,100,0,Low Engagement,181+ Days
C0887,2024-01-28,2024-11-23,300,SMB,Basic,APAC,Desktop,Organic,19,6.7,71,31.2,68.12,145.03,0,,Unknown,1,0.0,0,100,Medium Engagement,181+ Days
C0888,2024-03-18,2024-07-07,111,Enterprise,Basic,EU,Mobile,Paid,20,1.95,87,21.9,364.53,1057.27,1,2024-07-23,Better Alternative,0,364.53,100,0,Low Engagement,91–180 Days
C0889,2024-08-03,2025-05-06,276,SMB,Standard,EU,Mobile,Paid,17,6.66,19,22.9,346.31,1091.76,1,2025-05-28,Low Engagement,0,346.31,100,0,Low Engagement,181+ Days
C0890,2024-12-30,2025-12-29,364,SMB,Basic,US,Desktop,Organic,49,1.86,13,16.4,418.84,1240.89,1,2026-01-02,Service Issues,0,418.84,100,0,Low Engagement,181+ Days
C0891,2024-06-02,2024-09-29,119,Individual,Standard,US,Mobile,Referral,9,1.85,4,7.0,39.97,139.04,1,2024-10-01,Price,0,39.97,100,0,Low Engagement,91–180 Days
C0892,2024-01-14,2024-12-18,339,Individual,Basic,EU,Desktop,Referral,33,7.55,40,31.5,31.09,63.58,0,,Unknown,1,0.0,0,100,Medium Engagement,181+ Days
C0893,2024-07-05,2025-04-05,274,Enterprise,Basic,US,Mobile,Paid,25,3.92,39,20.6,199.04,646.88,1,2025-04-16,Low Engagement,0,199.04,100,0,Low Engagement,181+ Days
C0894,2024-11-07,2024-11-19,12,Individual,Basic,EU,Desktop,Organic,29,9.8,33,35.2,91.42,277.3,1,2024-11-23,Price,0,91.42,100,0,Medium Engagement,0–30 Days
C0895,2024-01-07,2024-04-10,94,Enterprise,Basic,US,Desktop,Organic,8,1.34,79,16.8,288.02,640.66,1,2024-05-09,Service Issues,0,288.02,100,0,Low Engagement,91–180 Days
C0896,2024-01-03,2024-10-20,291,Enterprise,Standard,US,Mobile,Paid,45,5.01,44,28.1,460.33,1366.37,0,,Unknown,1,0.0,0,100,Medium Engagement,181+ Days
C0897,2024-04-20,2025-03-23,337,SMB,Basic,US,Desktop,Referral,30,2.02,70,21.6,207.91,355.14,1,2025-04-13,Service Issues,0,207.91,100,0,Low Engagement,181+ Days
C0898,2024-08-25,2025-07-04,313,Individual,Premium,US,Mobile,Organic,41,4.16,79,30.4,425.58,1310.22,1,2025-07-25,Service Issues,0,425.58,100,0,Medium Engagement,181+ Days
C0899,2024-12-28,2025-05-03,126,SMB,Standard,EU,Mobile,Referral,3,9.98,70,36.1,20.12,51.6,0,,Unknown,1,0.0,0,100,Medium Engagement,91–180 Days
C0900,2024-08-26,2025-04-13,230,Individual,Basic,APAC,Mobile,Referral,5,9.0,26,27.4,100.89,210.31,1,2025-04-14,Low Engagement,0,100.89,100,0,Medium Engagement,181+ Days
C0901,2024-09-30,2025-03-12,163,Individual,Standard,US,Mobile,Paid,13,1.43,77,17.7,34.6,97.28,1,2025-04-07,Service Issues,0,34.6,100,0,Low Engagement,91–180 Days
C0902,2024-10-20,2025-03-31,162,SMB,Premium,EU,Desktop,Paid,3,6.07,77,27.3,177.51,494.05,1,2025-04-19,Low Engagement,0,177.51,100,0,Medium Engagement,91–180 Days
C0903,2024-08-14,2024-09-04,21,Enterprise,Standard,EU,Mobile,Referral,25,6.83,43,28.5,455.93,874.92,1,2024-09-13,Better Alternative,0,455.93,100,0,Medium Engagement,0–30 Days
C0904,2024-01-15,2024-06-05,142,Individual,Basic,US,Desktop,Organic,46,2.89,32,21.2,66.54,103.86,1,2024-06-30,Price,0,66.54,100,0,Low Engagement,91–180 Days
C0905,2024-07-10,2025-05-19,313,Enterprise,Premium,APAC,Desktop,Organic,47,2.31,32,20.0,311.08,736.4,1,2025-06-06,Service Issues,0,311.08,100,0,Low Engagement,181+ Days
C0906,2024-04-28,2025-02-24,302,Individual,Standard,US,Mobile,Paid,38,9.14,43,36.9,236.72,624.71,0,,Unknown,1,0.0,0,100,Medium Engagement,181+ Days
C0907,2024-01-28,2024-12-02,309,Individual,Basic,EU,Mobile,Referral,16,9.72,19,30.4,470.46,1530.51,1,2024-12-18,Price,0,470.46,100,0,Medium Engagement,181+ Days
C0908,2024-07-20,2025-03-14,237,Enterprise,Basic,APAC,Mobile,Organic,18,9.93,35,33.7,78.81,264.52,1,2025-03-24,Price,0,78.81,100,0,Medium Engagement,181+ Days
C0909,2024-02-08,2024-11-14,280,SMB,Standard,EU,Mobile,Organic,48,8.11,6,30.8,121.77,311.44,1,2024-11-25,Price,0,121.77,100,0,Medium Engagement,181+ Days
C0910,2024-09-29,2024-11-20,52,Individual,Basic,US,Desktop,Paid,5,6.97,31,23.1,34.18,102.8,1,2024-12-16,Price,0,34.18,100,0,Low Engagement,31–90 Days
C0911,2024-08-18,2025-08-05,352,Individual,Premium,APAC,Mobile,Referral,28,4.11,66,25.8,228.29,543.01,0,,Unknown,1,0.0,0,100,Medium Engagement,181+ Days
C0912,2024-03-26,2025-02-24,335,SMB,Basic,EU,Desktop,Organic,10,2.54,38,14.0,153.36,458.88,1,2025-03-22,Service Issues,0,153.36,100,0,Low Engagement,181+ Days
C0913,2024-05-05,2025-03-12,311,SMB,Premium,EU,Mobile,Paid,15,1.71,92,21.1,437.55,835.55,0,,Unknown,1,0.0,0,100,Low Engagement,181+ Days
C0914,2024-10-26,2024-11-25,30,Enterprise,Standard,EU,Mobile,Organic,29,7.24,23,27.4,310.37,695.89,1,2024-12-05,Better Alternative,0,310.37,100,0,Medium Engagement,0–30 Days
C0915,2024-01-25,2024-05-20,116,Individual,Basic,US,Mobile,Organic,24,8.06,85,37.7,314.76,871.4,1,2024-05-26,Better Alternative,0,314.76,100,0,Medium Engagement,91–180 Days
C0916,2024-05-24,2025-05-04,345,Individual,Basic,APAC,Mobile,Organic,39,8.44,69,39.2,275.32,422.98,1,2025-05-31,Price,0,275.32,100,0,Medium Engagement,181+ Days
C0917,2024-01-13,2024-11-20,312,Individual,Standard,US,Desktop,Paid,10,9.22,87,38.1,64.09,188.74,0,,Unknown,1,0.0,0,100,Medium Engagement,181+ Days
C0918,2024-07-30,2024-12-03,126,SMB,Standard,US,Desktop,Referral,6,8.92,86,36.4,233.61,740.79,0,,Unknown,1,0.0,0,100,Medium Engagement,91–180 Days
C0919,2024-01-25,2024-06-06,133,SMB,Standard,US,Mobile,Paid,25,10.0,53,38.0,499.76,1148.59,1,2024-06-09,Low Engagement,0,499.76,100,0,Medium Engagement,91–180 Days
C0920,2024-03-08,2024-12-23,290,Individual,Basic,APAC,Desktop,Referral,21,3.2,37,17.8,420.91,1008.45,0,,Unknown,1,0.0,0,100,Low Engagement,181+ Days
C0921,2024-03-07,2025-01-02,301,SMB,Basic,US,Desktop,Organic,24,7.87,73,35.4,448.86,1437.5,1,2025-01-10,Low Engagement,0,448.86,100,0,Medium Engagement,181+ Days
C0922,2024-08-20,2025-03-20,212,SMB,Basic,US,Mobile,Referral,18,6.28,79,31.2,415.15,1266.75,1,2025-03-28,Better Alternative,0,415.15,100,0,Medium Engagement,181+ Days
C0923,2024-04-18,2024-06-17,60,SMB,Standard,US,Mobile,Organic,30,3.35,74,25.5,69.46,144.22,0,,Unknown,1,0.0,0,100,Medium Engagement,31–90 Days
C0924,2024-05-25,2025-03-01,280,Individual,Basic,US,Desktop,Organic,25,9.84,31,34.2,129.18,277.47,0,,Unknown,1,0.0,0,100,Medium Engagement,181+ Days
C0925,2024-04-20,2025-03-19,333,Individual,Basic,EU,Desktop,Paid,41,9.08,44,37.5,21.5,61.44,0,,Unknown,1,0.0,0,100,Medium Engagement,181+ Days
C0926,2024-08-15,2025-05-28,286,SMB,Standard,US,Desktop,Organic,40,2.16,60,22.4,165.68,435.14,1,2025-06-10,Better Alternative,0,165.68,100,0,Low Engagement,181+ Days
C0927,2024-04-20,2024-09-17,150,Enterprise,Premium,EU,Desktop,Paid,35,1.24,69,20.4,72.13,131.6,1,2024-10-06,Service Issues,0,72.13,100,0,Low Engagement,91–180 Days
C0928,2024-02-03,2024-11-13,284,Individual,Basic,US,Mobile,Referral,22,7.19,87,35.4,246.94,523.48,1,2024-11-23,Price,0,246.94,100,0,Medium Engagement,181+ Days
C0929,2024-04-20,2025-02-13,299,Individual,Basic,APAC,Mobile,Referral,46,6.44,96,39.7,345.02,1138.55,1,2025-02-14,Price,0,345.02,100,0,Medium Engagement,181+ Days
C0930,2024-09-20,2025-08-29,343,SMB,Standard,EU,Desktop,Organic,12,9.42,52,33.8,439.76,1264.9,0,,Unknown,1,0.0,0,100,Medium Engagement,181+ Days
C0931,2024-08-23,2024-10-23,61,Enterprise,Standard,EU,Mobile,Paid,24,3.11,50,20.1,379.62,1318.02,1,2024-11-21,Low Engagement,0,379.62,100,0,Low Engagement,31–90 Days
C0932,2024-03-23,2024-04-28,36,SMB,Basic,EU,Desktop,Organic,1,1.76,75,15.8,470.52,1427.57,1,2024-05-11,Service Issues,0,470.52,100,0,Low Engagement,31–90 Days
C0933,2024-02-11,2024-07-26,166,Individual,Premium,EU,Desktop,Paid,1,3.33,55,16.8,45.87,155.22,1,2024-08-11,Price,0,45.87,100,0,Low Engagement,91–180 Days
C0934,2024-04-10,2024-12-14,248,Enterprise,Premium,APAC,Mobile,Paid,15,1.17,26,9.8,25.85,49.95,1,2024-12-23,Low Engagement,0,25.85,100,0,Low Engagement,181+ Days
C0935,2024-01-06,2024-06-19,165,SMB,Basic,US,Desktop,Paid,8,1.32,37,10.4,337.44,1026.82,1,2024-06-25,Price,0,337.44,100,0,Low Engagement,91–180 Days
C0936,2024-06-28,2025-04-24,300,Individual,Basic,EU,Desktop,Referral,27,9.23,61,37.6,158.89,244.76,1,2025-04-26,Better Alternative,0,158.89,100,0,Medium Engagement,181+ Days
C0937,2024-10-08,2025-03-02,145,Individual,Standard,APAC,Mobile,Paid,12,4.17,17,15.4,141.68,402.59,1,2025-03-11,Low Engagement,0,141.68,100,0,Low Engagement,91–180 Days
C0938,2024-11-15,2025-04-17,153,SMB,Standard,EU,Mobile,Referral,34,4.7,63,28.0,178.83,436.09,1,2025-04-25,Price,0,178.83,100,0,Medium Engagement,91–180 Days
C0939,2024-08-13,2024-12-06,115,Individual,Basic,US,Desktop,Paid,40,1.17,76,22.3,149.5,327.93,0,,Unknown,1,0.0,0,100,Low Engagement,91–180 Days
C0940,2024-11-10,2025-04-26,167,SMB,Standard,EU,Desktop,Referral,12,3.43,29,15.3,265.49,856.15,1,2025-05-05,Service Issues,0,265.49,100,0,Low Engagement,91–180 Days
C0941,2024-12-30,2025-06-03,155,Enterprise,Standard,APAC,Mobile,Referral,30,8.24,48,33.8,231.27,742.04,1,2025-06-15,Low Engagement,0,231.27,100,0,Medium Engagement,91–180 Days
C0942,2024-08-16,2024-08-27,11,Enterprise,Basic,US,Desktop,Referral,20,6.54,40,26.4,265.97,410.82,1,2024-09-04,Better Alternative,0,265.97,100,0,Medium Engagement,0–30 Days
C0943,2024-10-15,2025-01-09,86,Individual,Standard,APAC,Desktop,Organic,31,7.78,12,27.4,342.9,932.35,0,,Unknown,1,0.0,0,100,Medium Engagement,31–90 Days
C0944,2024-05-29,2024-10-17,141,SMB,Premium,US,Mobile,Paid,33,5.02,33,24.1,205.82,460.14,1,2024-10-30,Better Alternative,0,205.82,100,0,Low Engagement,91–180 Days
C0945,2024-10-03,2025-01-10,99,Individual,Basic,US,Mobile,Organic,7,3.79,99,25.7,140.63,327.85,1,2025-01-12,Service Issues,0,140.63,100,0,Medium Engagement,91–180 Days
C0946,2024-07-16,2025-07-05,354,Individual,Basic,US,Mobile,Paid,40,5.35,93,35.3,99.78,315.71,1,2025-07-22,Service Issues,0,99.78,100,0,Medium Engagement,181+ Days
C0947,2024-03-10,2025-03-04,359,Individual,Basic,EU,Mobile,Paid,47,3.91,24,22.8,187.75,397.97,1,2025-03-08,Low Engagement,0,187.75,100,0,Low Engagement,181+ Days
C0948,2024-04-21,2025-01-18,272,Individual,Premium,APAC,Mobile,Organic,1,8.55,65,31.3,376.07,1273.41,0,,Unknown,1,0.0,0,100,Medium Engagement,181+ Days
C0949,2024-01-04,2024-12-29,360,Individual,Premium,APAC,Mobile,Referral,37,3.68,99,31.4,383.22,712.51,0,,Unknown,1,0.0,0,100,Medium Engagement,181+ Days
C0950,2024-12-15,2025-04-11,117,SMB,Basic,APAC,Desktop,Paid,31,6.94,17,26.1,340.11,960.96,1,2025-04-25,Low Engagement,0,340.11,100,0,Medium Engagement,91–180 Days
C0951,2024-11-26,2025-02-17,83,SMB,Standard,US,Desktop,Referral,39,2.23,4,14.0,132.33,376.37,1,2025-02-19,Price,0,132.33,100,0,Low Engagement,31–90 Days
C0952,2024-11-13,2024-12-31,48,Individual,Standard,EU,Mobile,Organic,27,7.18,18,26.0,302.28,605.89,0,,Unknown,1,0.0,0,100,Medium Engagement,31–90 Days
C0953,2024-12-15,2025-06-01,168,SMB,Standard,US,Mobile,Referral,36,9.22,41,36.4,293.93,631.8,1,2025-06-28,Better Alternative,0,293.93,100,0,Medium Engagement,91–180 Days
C0954,2024-04-04,2024-06-23,80,Individual,Basic,APAC,Desktop,Paid,40,6.48,17,26.8,252.45,800.16,1,2024-07-14,Service Issues,0,252.45,100,0,Medium Engagement,31–90 Days
C0955,2024-05-31,2025-04-17,321,Individual,Basic,EU,Desktop,Paid,0,6.04,31,19.8,283.99,858.68,1,2025-05-04,Better Alternative,0,283.99,100,0,Low Engagement,181+ Days
C0956,2024-11-06,2025-07-14,250,SMB,Basic,EU,Desktop,Paid,40,9.65,20,35.1,256.06,552.63,1,2025-07-29,Price,0,256.06,100,0,Medium Engagement,181+ Days
C0957,2024-05-16,2025-03-19,307,Individual,Standard,EU,Mobile,Organic,9,6.65,9,19.8,291.42,748.34,1,2025-04-08,Price,0,291.42,100,0,Low Engagement,181+ Days
C0958,2024-09-03,2024-10-18,45,Enterprise,Basic,APAC,Mobile,Paid,3,3.34,36,14.3,363.44,589.99,1,2024-10-25,Low Engagement,0,363.44,100,0,Low Engagement,31–90 Days
C0959,2024-08-30,2024-12-01,93,Enterprise,Premium,EU,Desktop,Organic,34,3.63,48,23.1,72.62,139.25,1,2024-12-25,Better Alternative,0,72.62,100,0,Low Engagement,91–180 Days
C0960,2024-01-31,2024-10-29,272,SMB,Basic,EU,Mobile,Referral,9,7.35,85,32.9,379.82,938.78,1,2024-11-16,Better Alternative,0,379.82,100,0,Medium Engagement,181+ Days
C0961,2024-02-09,2024-12-24,319,SMB,Basic,US,Mobile,Paid,46,7.62,12,30.0,85.23,142.5,0,,Unknown,1,0.0,0,100,Medium Engagement,181+ Days
C0962,2024-08-16,2025-02-13,181,Individual,Standard,US,Mobile,Paid,10,3.73,54,19.4,51.98,165.64,1,2025-03-11,Price,0,51.98,100,0,Low Engagement,181+ Days
C0963,2024-02-05,2024-08-05,182,Individual,Standard,EU,Desktop,Paid,13,4.11,16,15.3,488.52,1434.3,1,2024-08-18,Service Issues,0,488.52,100,0,Low Engagement,181+ Days
C0964,2024-08-10,2024-10-05,56,Individual,Basic,EU,Desktop,Referral,37,9.92,8,33.4,479.36,1623.72,1,2024-10-23,Low Engagement,0,479.36,100,0,Medium Engagement,31–90 Days
C0965,2024-01-06,2024-06-04,150,Enterprise,Basic,US,Mobile,Paid,11,1.92,87,20.0,49.01,141.49,1,2024-06-24,Service Issues,0,49.01,100,0,Low Engagement,91–180 Days
C0966,2024-11-17,2025-03-24,127,SMB,Premium,US,Mobile,Organic,44,4.64,43,26.8,232.76,786.92,0,,Unknown,1,0.0,0,100,Medium Engagement,91–180 Days
C0967,2024-08-07,2025-05-20,286,Individual,Basic,US,Mobile,Referral,16,1.56,77,18.6,109.4,285.43,1,2025-06-02,Service Issues,0,109.4,100,0,Low Engagement,181+ Days
C0968,2024-03-15,2024-10-24,223,SMB,Basic,APAC,Mobile,Referral,15,8.39,45,30.7,252.97,683.13,1,2024-11-22,Service Issues,0,252.97,100,0,Medium Engagement,181+ Days
C0969,2024-01-04,2024-08-20,229,Individual,Premium,APAC,Mobile,Referral,34,1.83,7,12.4,418.49,1445.44,1,2024-08-26,Low Engagement,0,418.49,100,0,Low Engagement,181+ Days
C0970,2024-11-30,2025-01-04,35,Individual,Basic,US,Desktop,Referral,1,7.07,36,23.3,476.29,1326.11,1,2025-01-12,Service Issues,0,476.29,100,0,Low Engagement,31–90 Days
C0971,2024-05-13,2024-05-31,18,Individual,Basic,EU,Mobile,Referral,10,1.51,18,8.5,324.44,506.64,0,,Unknown,1,0.0,0,100,Low Engagement,0–30 Days
C0972,2024-04-27,2025-02-01,280,Individual,Basic,US,Mobile,Organic,40,7.06,62,34.9,189.87,559.66,1,2025-02-14,Better Alternative,0,189.87,100,0,Medium Engagement,181+ Days
C0973,2024-04-03,2024-04-22,19,SMB,Basic,APAC,Mobile,Referral,2,8.59,91,35.5,309.6,1025.07,1,2024-05-21,Low Engagement,0,309.6,100,0,Medium Engagement,0–30 Days
C0974,2024-03-02,2024-07-10,130,Individual,Basic,EU,Desktop,Paid,28,4.59,45,23.8,169.76,524.76,1,2024-07-14,Low Engagement,0,169.76,100,0,Low Engagement,91–180 Days
C0975,2024-07-12,2024-11-23,134,SMB,Basic,APAC,Desktop,Referral,17,5.7,93,31.6,456.72,1218.38,1,2024-12-02,Low Engagement,0,456.72,100,0,Medium Engagement,91–180 Days
C0976,2024-11-30,2025-05-28,179,Individual,Basic,EU,Mobile,Referral,19,4.61,70,25.8,437.79,1244.46,1,2025-06-14,Service Issues,0,437.79,100,0,Medium Engagement,91–180 Days
C0977,2024-07-21,2024-10-10,81,SMB,Basic,APAC,Desktop,Referral,46,3.7,25,22.2,287.95,1002.18,1,2024-11-05,Better Alternative,0,287.95,100,0,Low Engagement,31–90 Days
C0978,2024-01-26,2024-07-05,161,Individual,Standard,EU,Desktop,Referral,13,8.23,45,29.9,175.9,295.74,0,,Unknown,1,0.0,0,100,Medium Engagement,91–180 Days
C0979,2024-06-21,2025-01-24,217,Individual,Basic,EU,Desktop,Referral,33,3.45,45,22.0,160.83,455.87,1,2025-02-02,Price,0,160.83,100,0,Low Engagement,181+ Days
C0980,2024-10-26,2024-12-23,58,SMB,Basic,EU,Desktop,Organic,48,7.51,74,39.5,36.04,74.49,0,,Unknown,1,0.0,0,100,Medium Engagement,31–90 Days
C0981,2024-05-12,2024-10-22,163,SMB,Premium,EU,Desktop,Organic,30,2.86,13,15.1,411.59,1144.29,1,2024-11-14,Low Engagement,0,411.59,100,0,Low Engagement,91–180 Days
C0982,2024-11-21,2025-11-12,356,Individual,Standard,APAC,Desktop,Referral,39,3.25,84,28.5,236.18,641.29,1,2025-11-18,Price,0,236.18,100,0,Medium Engagement,181+ Days
C0983,2024-04-27,2025-02-23,302,Enterprise,Basic,APAC,Mobile,Organic,41,4.03,62,27.6,176.06,318.13,0,,Unknown,1,0.0,0,100,Medium Engagement,181+ Days
C0984,2024-11-19,2025-02-04,77,SMB,Premium,EU,Desktop,Paid,17,6.3,71,29.8,246.13,470.97,1,2025-03-03,Price,0,246.13,100,0,Medium Engagement,31–90 Days
C0985,2024-10-01,2024-11-29,59,SMB,Basic,EU,Desktop,Referral,29,5.09,2,18.8,412.99,1132.94,0,,Unknown,1,0.0,0,100,Low Engagement,31–90 Days
C0986,2024-07-30,2025-01-07,161,SMB,Basic,APAC,Mobile,Paid,24,7.71,27,28.1,79.81,140.18,0,,Unknown,1,0.0,0,100,Medium Engagement,91–180 Days
C0987,2024-08-12,2024-09-09,28,Individual,Standard,EU,Mobile,Paid,18,2.92,28,15.1,431.67,876.45,1,2024-09-26,Service Issues,0,431.67,100,0,Low Engagement,0–30 Days
C0988,2024-01-20,2024-05-08,109,Enterprise,Standard,EU,Mobile,Referral,7,1.1,86,17.0,450.8,1429.26,1,2024-05-10,Low Engagement,0,450.8,100,0,Low Engagement,91–180 Days
C0989,2024-04-22,2024-06-30,69,SMB,Basic,EU,Mobile,Paid,27,7.99,17,27.9,474.42,1021.99,1,2024-07-10,Low Engagement,0,474.42,100,0,Medium Engagement,31–90 Days
C0990,2024-05-19,2024-11-11,176,SMB,Basic,US,Desktop,Paid,7,8.39,34,27.5,210.79,521.94,1,2024-11-17,Better Alternative,0,210.79,100,0,Medium Engagement,91–180 Days
C0991,2024-02-16,2024-09-14,211,SMB,Standard,EU,Desktop,Paid,30,1.54,76,21.2,124.23,420.18,1,2024-09-26,Price,0,124.23,100,0,Low Engagement,181+ Days
C0992,2024-01-01,2024-12-20,354,SMB,Basic,US,Desktop,Referral,2,6.5,75,27.9,199.35,389.59,0,,Unknown,1,0.0,0,100,Medium Engagement,181+ Days
C0993,2024-03-30,2024-09-01,155,Enterprise,Premium,EU,Desktop,Referral,2,4.4,46,18.3,179.8,409.81,1,2024-09-28,Price,0,179.8,100,0,Low Engagement,91–180 Days
C0994,2024-05-21,2024-11-10,173,SMB,Basic,APAC,Mobile,Paid,43,8.15,4,29.6,104.55,283.64,1,2024-11-30,Service Issues,0,104.55,100,0,Medium Engagement,91–180 Days
C0995,2024-11-15,2025-07-24,251,SMB,Premium,US,Desktop,Referral,21,8.87,74,37.5,311.49,937.8,1,2025-08-09,Low Engagement,0,311.49,100,0,Medium Engagement,181+ Days
C0996,2024-02-07,2024-04-25,78,Individual,Standard,US,Desktop,Referral,16,8.66,58,33.6,248.78,821.8,0,,Unknown,1,0.0,0,100,Medium Engagement,31–90 Days
C0997,2024-10-19,2025-04-21,184,SMB,Premium,EU,Mobile,Paid,35,7.99,74,38.1,435.54,1450.76,1,2025-05-18,Service Issues,0,435.54,100,0,Medium Engagement,181+ Days
C0998,2024-05-18,2024-07-15,58,Individual,Standard,EU,Desktop,Referral,16,3.42,58,20.4,35.41,108.12,1,2024-08-05,Low Engagement,0,35.41,100,0,Low Engagement,31–90 Days
C0999,2024-12-21,2025-04-17,117,Enterprise,Standard,US,Desktop,Organic,13,8.31,46,30.3,329.06,643.86,1,2025-04-19,Better Alternative,0,329.06,100,0,Medium Engagement,91–180 Days
C1000,2024-11-28,2025-07-21,235,Enterprise,Basic,APAC,Desktop,Referral,8,5.8,94,30.2,386.22,598.49,0,,Unknown,1,0.0,0,100,Medium Engagement,181+ Days
C1001,2024-09-15,2025-03-04,170,Individual,Basic,APAC,Desktop,Organic,29,1.47,94,23.6,384.55,871.99,0,,Unknown,1,0.0,0,100,Low Engagement,91–180 Days
C1002,2024-06-09,2024-10-15,128,Enterprise,Basic,EU,Mobile,Paid,20,5.11,12,18.6,445.32,794.05,1,2024-11-07,Better Alternative,0,445.32,100,0,Low Engagement,91–180 Days
C1003,2024-06-26,2024-12-01,158,Individual,Premium,APAC,Mobile,Referral,11,9.48,77,37.4,369.94,1080.51,0,,Unknown,1,0.0,0,100,Medium Engagement,91–180 Days
C1004,2024-01-10,2024-06-17,159,Individual,Premium,APAC,Mobile,Paid,36,8.99,88,42.9,465.35,1313.34,1,2024-06-23,Service Issues,0,465.35,100,0,Medium Engagement,91–180 Days
C1005,2024-09-17,2025-07-16,302,Enterprise,Basic,EU,Mobile,Paid,31,1.92,32,15.8,179.68,285.32,0,,Unknown,1,0.0,0,100,Low Engagement,181+ Days
C1006,2024-05-17,2024-10-16,152,Individual,Basic,APAC,Mobile,Paid,10,7.7,96,35.6,261.54,829.92,1,2024-10-17,Service Issues,0,261.54,100,0,Medium Engagement,91–180 Days
C1007,2024-06-20,2024-12-06,169,Individual,Basic,EU,Desktop,Paid,19,8.25,61,33.6,26.76,53.45,1,2024-12-19,Service Issues,0,26.76,100,0,Medium Engagement,91–180 Days
C1008,2024-01-13,2024-02-02,20,SMB,Standard,US,Desktop,Paid,34,3.44,78,27.1,23.34,55.19,1,2024-02-21,Price,0,23.34,100,0,Medium Engagement,0–30 Days
C1009,2024-06-16,2024-11-10,147,SMB,Basic,EU,Mobile,Referral,46,5.24,15,24.6,135.26,383.58,1,2024-11-20,Price,0,135.26,100,0,Low Engagement,91–180 Days
C1010,2024-05-09,2024-08-04,87,SMB,Standard,US,Mobile,Organic,45,7.4,43,34.0,68.39,161.32,0,,Unknown,1,0.0,0,100,Medium Engagement,31–90 Days
C1011,2024-03-24,2024-06-18,86,Individual,Premium,US,Mobile,Referral,10,4.95,57,22.9,144.9,345.24,1,2024-07-06,Service Issues,0,144.9,100,0,Low Engagement,31–90 Days
C1012,2024-11-16,2025-08-06,263,Individual,Basic,APAC,Desktop,Referral,7,2.02,5,7.2,104.98,171.25,0,,Unknown,1,0.0,0,100,Low Engagement,181+ Days
C1013,2024-11-14,2025-08-08,267,Individual,Basic,APAC,Mobile,Referral,3,7.35,88,32.2,33.69,77.58,1,2025-08-15,Price,0,33.69,100,0,Medium Engagement,181+ Days
C1014,2024-04-10,2025-03-05,329,Individual,Basic,APAC,Desktop,Referral,26,9.2,14,30.3,456.47,1382.97,1,2025-03-15,Service Issues,0,456.47,100,0,Medium Engagement,181+ Days
C1015,2024-11-24,2025-09-20,300,Enterprise,Basic,EU,Desktop,Organic,43,6.87,3,26.2,23.95,79.76,1,2025-10-05,Better Alternative,0,23.95,100,0,Medium Engagement,181+ Days
C1016,2024-09-29,2025-06-28,272,SMB,Basic,APAC,Desktop,Referral,39,7.96,55,36.0,373.32,868.71,0,,Unknown,1,0.0,0,100,Medium Engagement,181+ Days
C1017,2024-09-21,2024-12-24,94,Individual,Basic,US,Desktop,Paid,37,4.23,63,27.4,93.03,218.36,0,,Unknown,1,0.0,0,100,Medium Engagement,91–180 Days
C1018,2024-02-07,2024-07-11,155,Enterprise,Premium,APAC,Mobile,Referral,46,2.65,67,25.9,457.87,1330.23,1,2024-07-26,Service Issues,0,457.87,100,0,Medium Engagement,91–180 Days
C1019,2024-04-03,2025-03-01,332,Individual,Basic,APAC,Desktop,Referral,29,6.78,93,36.7,448.54,1518.55,1,2025-03-05,Service Issues,0,448.54,100,0,Medium Engagement,181+ Days
C1020,2024-04-04,2024-05-25,51,SMB,Basic,EU,Desktop,Organic,43,3.95,33,23.4,333.87,679.13,1,2024-06-17,Price,0,333.87,100,0,Low Engagement,31–90 Days
C1021,2024-10-31,2025-03-14,134,Enterprise,Premium,EU,Mobile,Organic,47,8.74,90,44.8,342.67,815.65,0,,Unknown,1,0.0,0,100,Medium Engagement,91–180 Days
C1022,2024-03-09,2024-09-01,176,Individual,Standard,US,Desktop,Paid,47,2.1,94,28.8,22.56,69.75,0,,Unknown,1,0.0,0,100,Medium Engagement,91–180 Days
C1023,2024-11-13,2025-07-21,250,Individual,Basic,EU,Desktop,Referral,26,4.9,55,25.7,492.74,1339.95,1,2025-08-16,Service Issues,0,492.74,100,0,Medium Engagement,181+ Days
C1024,2024-08-23,2025-06-08,289,Enterprise,Standard,APAC,Desktop,Referral,20,4.57,31,20.1,441.36,759.66,0,,Unknown,1,0.0,0,100,Low Engagement,181+ Days
C1025,2024-11-29,2025-06-14,197,Individual,Basic,EU,Mobile,Referral,19,9.44,8,28.6,449.65,1239.0,1,2025-07-09,Low Engagement,0,449.65,100,0,Medium Engagement,181+ Days
C1026,2024-05-16,2025-03-23,311,SMB,Standard,US,Desktop,Paid,3,2.38,62,15.8,336.44,630.32,1,2025-04-07,Price,0,336.44,100,0,Low Engagement,181+ Days
C1027,2024-03-16,2024-04-13,28,Individual,Standard,APAC,Desktop,Organic,10,1.09,71,15.4,185.5,467.54,0,,Unknown,1,0.0,0,100,Low Engagement,0–30 Days
C1028,2024-02-04,2024-04-21,77,Individual,Standard,US,Mobile,Paid,12,3.14,77,21.8,448.95,1148.51,1,2024-04-28,Low Engagement,0,448.95,100,0,Low Engagement,31–90 Days
C1029,2024-01-01,2024-08-15,227,Individual,Basic,EU,Mobile,Referral,8,8.38,32,27.4,159.93,520.16,1,2024-08-27,Better Alternative,0,159.93,100,0,Medium Engagement,181+ Days
C1030,2024-10-22,2025-02-10,111,Individual,Premium,EU,Desktop,Organic,3,2.88,86,20.7,290.1,703.49,1,2025-02-11,Service Issues,0,290.1,100,0,Low Engagement,91–180 Days
C1031,2024-11-15,2025-01-05,51,SMB,Basic,US,Desktop,Organic,11,3.17,20,13.1,67.87,139.74,1,2025-01-26,Low Engagement,0,67.87,100,0,Low Engagement,31–90 Days
C1032,2024-02-29,2024-12-22,297,SMB,Basic,APAC,Mobile,Paid,8,2.17,54,15.1,462.54,907.47,1,2025-01-05,Service Issues,0,462.54,100,0,Low Engagement,181+ Days
C1033,2024-11-15,2025-05-10,176,Individual,Basic,EU,Desktop,Organic,12,7.44,75,32.2,87.57,284.47,1,2025-05-15,Price,0,87.57,100,0,Medium Engagement,91–180 Days
C1034,2024-12-14,2025-04-11,118,Enterprise,Basic,EU,Mobile,Organic,47,1.62,56,21.8,127.95,235.69,0,,Unknown,1,0.0,0,100,Low Engagement,91–180 Days
C1035,2024-11-23,2025-01-07,45,Individual,Basic,APAC,Desktop,Referral,25,3.98,1,15.1,287.9,677.07,1,2025-01-08,Price,0,287.9,100,0,Low Engagement,31–90 Days
C1036,2024-09-23,2025-05-22,241,SMB,Premium,EU,Mobile,Referral,37,3.54,12,18.0,386.76,724.92,1,2025-05-28,Price,0,386.76,100,0,Low Engagement,181+ Days
C1037,2024-12-26,2025-08-21,238,Individual,Premium,US,Desktop,Organic,41,6.0,3,23.7,317.29,966.66,1,2025-08-23,Price,0,317.29,100,0,Low Engagement,181+ Days
C1038,2024-08-16,2025-08-13,362,Individual,Basic,EU,Mobile,Organic,12,7.57,83,33.8,131.42,321.81,1,2025-09-03,Better Alternative,0,131.42,100,0,Medium Engagement,181+ Days
C1039,2024-09-26,2025-03-18,173,Individual,Basic,EU,Mobile,Paid,38,5.8,49,29.4,20.45,45.04,0,,Unknown,1,0.0,0,100,Medium Engagement,91–180 Days
C1040,2024-11-11,2025-02-01,82,SMB,Basic,APAC,Mobile,Paid,27,9.38,47,35.9,383.43,852.06,0,,Unknown,1,0.0,0,100,Medium Engagement,31–90 Days
C1041,2024-10-12,2025-03-06,145,Individual,Basic,US,Mobile,Organic,18,9.56,77,39.1,492.9,1579.46,1,2025-04-02,Price,0,492.9,100,0,Medium Engagement,91–180 Days
C1042,2024-10-17,2025-10-14,362,Enterprise,Basic,APAC,Mobile,Referral,23,4.25,29,19.6,408.76,1065.86,0,,Unknown,1,0.0,0,100,Low Engagement,181+ Days
C1043,2024-07-31,2024-10-18,79,SMB,Premium,EU,Desktop,Organic,18,8.0,28,27.8,240.9,707.22,0,,Unknown,1,0.0,0,100,Medium Engagement,31–90 Days
C1044,2024-06-13,2025-01-04,205,Individual,Basic,EU,Desktop,Organic,48,7.65,7,29.8,453.81,1494.89,1,2025-01-30,Price,0,453.81,100,0,Medium Engagement,181+ Days
C1045,2024-01-05,2024-10-09,278,Individual,Basic,APAC,Mobile,Referral,12,9.04,11,26.6,216.73,715.96,0,,Unknown,1,0.0,0,100,Medium Engagement,181+ Days
C1046,2024-12-04,2025-01-31,58,Individual,Basic,APAC,Desktop,Referral,12,5.03,40,21.0,271.97,586.64,1,2025-02-19,Price,0,271.97,100,0,Low Engagement,31–90 Days
C1047,2024-03-18,2025-02-06,325,Enterprise,Premium,APAC,Desktop,Paid,27,5.77,25,23.6,249.02,847.89,1,2025-02-21,Price,0,249.02,100,0,Low Engagement,181+ Days
C1048,2024-03-02,2024-07-19,139,SMB,Standard,US,Desktop,Paid,1,4.74,49,19.4,234.86,363.97,1,2024-07-31,Price,0,234.86,100,0,Low Engagement,91–180 Days
C1049,2024-05-11,2024-05-25,14,SMB,Premium,EU,Desktop,Paid,9,8.65,1,23.6,392.09,883.64,1,2024-05-27,Better Alternative,0,392.09,100,0,Low Engagement,0–30 Days
C1050,2024-03-29,2024-05-04,36,Enterprise,Standard,APAC,Desktop,Paid,21,3.07,54,20.0,272.85,898.11,1,2024-05-08,Better Alternative,0,272.85,100,0,Low Engagement,31–90 Days
C1051,2024-08-24,2025-02-09,169,SMB,Basic,EU,Desktop,Referral,12,3.16,55,18.6,172.02,352.52,1,2025-03-08,Low Engagement,0,172.02,100,0,Low Engagement,91–180 Days
C1052,2024-02-11,2024-07-18,158,Individual,Basic,US,Mobile,Organic,8,4.35,13,14.4,143.92,294.48,1,2024-08-08,Low Engagement,0,143.92,100,0,Low Engagement,91–180 Days
C1053,2024-03-29,2024-12-27,273,SMB,Standard,US,Desktop,Paid,32,3.07,5,14.8,38.12,80.25,1,2025-01-09,Service Issues,0,38.12,100,0,Low Engagement,181+ Days
C1054,2024-10-22,2025-06-18,239,Individual,Basic,US,Desktop,Paid,13,6.05,94,31.8,299.93,817.2,0,,Unknown,1,0.0,0,100,Medium Engagement,181+ Days
C1055,2024-11-23,2025-06-20,209,Individual,Standard,US,Desktop,Referral,47,2.21,80,26.9,130.38,309.87,0,,Unknown,1,0.0,0,100,Medium Engagement,181+ Days
C1056,2024-10-21,2024-12-19,59,Individual,Basic,EU,Mobile,Referral,19,3.88,88,26.7,91.1,269.06,1,2024-12-21,Low Engagement,0,91.1,100,0,Medium Engagement,31–90 Days
C1057,2024-04-13,2024-06-28,76,Individual,Basic,US,Desktop,Organic,14,9.22,60,34.8,333.84,1098.27,1,2024-07-13,Low Engagement,0,333.84,100,0,Medium Engagement,31–90 Days
C1058,2024-01-14,2024-11-18,309,Individual,Standard,US,Desktop,Organic,31,4.68,95,32.2,346.98,988.34,1,2024-12-13,Low Engagement,0,346.98,100,0,Medium Engagement,181+ Days
C1059,2024-10-14,2024-12-20,67,Enterprise,Standard,APAC,Desktop,Referral,32,7.73,11,27.4,381.03,727.36,1,2025-01-11,Service Issues,0,381.03,100,0,Medium Engagement,31–90 Days
C1060,2024-06-27,2025-03-22,268,SMB,Standard,US,Mobile,Paid,16,2.02,12,10.0,261.72,880.78,1,2025-04-16,Better Alternative,0,261.72,100,0,Low Engagement,181+ Days
C1061,2024-05-04,2025-04-20,351,Enterprise,Basic,APAC,Desktop,Paid,23,3.23,18,15.4,449.15,911.32,1,2025-05-03,Service Issues,0,449.15,100,0,Low Engagement,181+ Days
C1062,2024-12-18,2025-11-18,335,Enterprise,Standard,US,Mobile,Paid,29,8.27,43,32.9,469.44,844.89,0,,Unknown,1,0.0,0,100,Medium Engagement,181+ Days
C1063,2024-01-23,2024-06-10,139,Individual,Basic,US,Desktop,Organic,12,7.87,88,35.3,407.54,684.64,0,,Unknown,1,0.0,0,100,Medium Engagement,91–180 Days
C1064,2024-03-03,2024-10-13,224,Enterprise,Basic,APAC,Mobile,Paid,46,4.48,94,34.5,325.08,853.91,1,2024-11-03,Price,0,325.08,100,0,Medium Engagement,181+ Days
C1065,2024-05-22,2024-11-19,181,Individual,Basic,US,Mobile,Paid,47,9.59,58,42.1,165.79,286.41,1,2024-12-11,Low Engagement,0,165.79,100,0,Medium Engagement,181+ Days
C1066,2024-06-01,2025-02-23,267,Individual,Basic,EU,Mobile,Referral,15,9.2,36,31.4,491.81,874.22,1,2025-02-24,Price,0,491.81,100,0,Medium Engagement,181+ Days
C1067,2024-05-24,2024-09-12,111,SMB,Basic,EU,Desktop,Paid,1,9.66,24,27.9,151.59,318.35,1,2024-10-09,Service Issues,0,151.59,100,0,Medium Engagement,91–180 Days
C1068,2024-08-12,2025-03-18,218,Individual,Basic,US,Mobile,Referral,16,4.85,15,17.6,117.28,241.98,1,2025-04-05,Low Engagement,0,117.28,100,0,Low Engagement,181+ Days
C1069,2024-11-04,2025-08-31,300,Enterprise,Basic,EU,Mobile,Paid,31,2.78,37,18.7,232.23,628.99,1,2025-09-09,Price,0,232.23,100,0,Low Engagement,181+ Days
C1070,2024-04-13,2025-04-11,363,SMB,Basic,APAC,Mobile,Organic,42,6.64,42,31.3,47.28,148.15,1,2025-04-14,Low Engagement,0,47.28,100,0,Medium Engagement,181+ Days
C1071,2024-04-13,2025-02-02,295,Individual,Basic,US,Mobile,Paid,7,7.16,86,32.2,489.68,1480.16,1,2025-02-12,Price,0,489.68,100,0,Medium Engagement,181+ Days
C1072,2024-02-08,2024-06-12,125,SMB,Basic,US,Desktop,Paid,2,2.13,13,7.7,302.45,612.45,1,2024-07-09,Price,0,302.45,100,0,Low Engagement,91–180 Days
C1073,2024-07-16,2025-04-15,273,Individual,Basic,APAC,Desktop,Referral,11,8.08,5,23.2,287.34,571.99,0,,Unknown,1,0.0,0,100,Low Engagement,181+ Days
C1074,2024-05-13,2024-10-19,159,Enterprise,Standard,APAC,Desktop,Referral,19,1.16,88,19.9,334.78,1148.83,1,2024-10-25,Low Engagement,0,334.78,100,0,Low Engagement,91–180 Days
C1075,2024-03-07,2025-01-10,309,Enterprise,Basic,APAC,Desktop,Referral,15,5.34,22,19.7,258.57,392.11,1,2025-01-18,Service Issues,0,258.57,100,0,Low Engagement,181+ Days
C1076,2024-06-27,2024-08-11,45,Individual,Basic,US,Mobile,Paid,13,3.98,59,21.4,35.39,115.35,1,2024-08-18,Price,0,35.39,100,0,Low Engagement,31–90 Days
C1077,2024-02-11,2025-01-18,342,Enterprise,Basic,APAC,Desktop,Paid,15,7.66,11,23.8,313.91,596.26,1,2025-02-05,Low Engagement,0,313.91,100,0,Low Engagement,181+ Days
C1078,2024-01-15,2024-11-06,296,SMB,Standard,APAC,Mobile,Organic,48,3.81,12,20.9,363.76,1234.81,1,2024-11-21,Low Engagement,0,363.76,100,0,Low Engagement,181+ Days
C1079,2024-04-20,2025-02-26,312,Enterprise,Premium,EU,Desktop,Paid,42,8.44,99,44.4,220.04,480.7,1,2025-03-24,Price,0,220.04,100,0,Medium Engagement,181+ Days
C1080,2024-06-05,2025-04-21,320,Individual,Standard,EU,Desktop,Organic,48,6.35,97,40.0,383.5,913.0,1,2025-05-03,Service Issues,0,383.5,100,0,Medium Engagement,181+ Days
C1081,2024-10-15,2025-05-20,217,SMB,Standard,US,Desktop,Referral,32,8.15,5,27.5,128.96,375.82,0,,Unknown,1,0.0,0,100,Medium Engagement,181+ Days
C1082,2024-08-18,2024-12-11,115,SMB,Basic,EU,Mobile,Referral,29,9.9,62,39.8,126.21,337.65,0,,Unknown,1,0.0,0,100,Medium Engagement,91–180 Days
C1083,2024-06-05,2024-11-19,167,SMB,Standard,EU,Desktop,Referral,11,7.11,37,25.5,97.48,208.21,1,2024-11-26,Service Issues,0,97.48,100,0,Medium Engagement,91–180 Days
C1084,2024-02-07,2024-06-16,130,SMB,Standard,APAC,Desktop,Organic,14,9.86,49,34.8,198.56,517.78,1,2024-07-14,Better Alternative,0,198.56,100,0,Medium Engagement,91–180 Days
C1085,2024-04-06,2024-06-09,64,Individual,Basic,APAC,Desktop,Paid,17,1.26,51,14.2,426.57,1263.25,1,2024-06-20,Service Issues,0,426.57,100,0,Low Engagement,31–90 Days
C1086,2024-10-15,2024-11-05,21,Individual,Basic,EU,Mobile,Referral,27,4.04,39,21.4,417.4,661.44,1,2024-11-18,Better Alternative,0,417.4,100,0,Low Engagement,0–30 Days
C1087,2024-09-10,2025-02-11,154,SMB,Basic,EU,Desktop,Paid,22,1.97,7,10.4,203.76,310.2,0,,Unknown,1,0.0,0,100,Low Engagement,91–180 Days
C1088,2024-07-14,2024-12-06,145,Individual,Premium,EU,Desktop,Paid,13,3.36,60,20.0,302.78,731.56,1,2024-12-24,Better Alternative,0,302.78,100,0,Low Engagement,91–180 Days
C1089,2024-03-26,2024-04-07,12,SMB,Standard,US,Mobile,Referral,29,8.55,7,28.2,365.99,645.49,1,2024-04-13,Better Alternative,0,365.99,100,0,Medium Engagement,0–30 Days
C1090,2024-11-17,2025-04-19,153,Individual,Standard,US,Mobile,Organic,32,1.29,96,24.0,135.78,384.08,0,,Unknown,1,0.0,0,100,Low Engagement,91–180 Days
C1091,2024-01-10,2024-02-18,39,Individual,Basic,US,Desktop,Paid,44,5.68,33,28.0,100.71,194.18,0,,Unknown,1,0.0,0,100,Medium Engagement,31–90 Days
C1092,2024-01-05,2024-09-07,246,SMB,Basic,EU,Desktop,Referral,14,6.1,78,29.8,486.61,1151.17,0,,Unknown,1,0.0,0,100,Medium Engagement,181+ Days
C1093,2024-05-02,2025-02-14,288,Individual,Basic,EU,Desktop,Paid,6,6.05,99,31.2,316.43,599.74,1,2025-02-25,Service Issues,0,316.43,100,0,Medium Engagement,181+ Days
C1094,2024-11-25,2025-11-17,357,Individual,Basic,US,Mobile,Paid,14,5.28,59,24.8,491.08,1275.32,1,2025-11-25,Service Issues,0,491.08,100,0,Low Engagement,181+ Days
C1095,2024-12-18,2025-04-21,124,SMB,Premium,US,Mobile,Paid,41,8.12,56,36.9,182.12,315.45,0,,Unknown,1,0.0,0,100,Medium Engagement,91–180 Days
C1096,2024-04-27,2024-08-18,113,SMB,Standard,EU,Mobile,Paid,45,2.2,98,29.2,357.46,552.71,1,2024-08-19,Service Issues,0,357.46,100,0,Medium Engagement,91–180 Days
C1097,2024-10-20,2025-02-24,127,Enterprise,Basic,APAC,Desktop,Paid,37,3.8,45,23.6,126.85,203.25,0,,Unknown,1,0.0,0,100,Low Engagement,91–180 Days
C1098,2024-06-07,2024-06-21,14,Individual,Premium,US,Mobile,Organic,45,6.54,21,28.5,145.38,495.53,1,2024-06-29,Better Alternative,0,145.38,100,0,Medium Engagement,0–30 Days
C1099,2024-10-29,2025-07-13,257,Individual,Basic,EU,Desktop,Organic,43,7.22,86,39.6,265.71,474.18,0,,Unknown,1,0.0,0,100,Medium Engagement,181+ Days
C1100,2024-08-15,2025-07-11,330,Individual,Premium,EU,Mobile,Referral,10,4.64,39,19.4,173.42,505.86,1,2025-07-14,Price,0,173.42,100,0,Low Engagement,181+ Days
C1101,2024-12-30,2025-05-09,130,Individual,Basic,APAC,Mobile,Organic,28,8.88,44,34.4,100.46,164.34,0,,Unknown,1,0.0,0,100,Medium Engagement,91–180 Days
C1102,2024-08-03,2025-05-25,295,Individual,Basic,EU,Mobile,Organic,30,4.74,54,26.0,146.18,250.89,1,2025-05-28,Better Alternative,0,146.18,100,0,Medium Engagement,181+ Days
C1103,2024-07-02,2024-12-07,158,Individual,Basic,EU,Desktop,Organic,24,4.62,50,23.8,37.16,93.56,0,,Unknown,1,0.0,0,100,Low Engagement,91–180 Days
C1104,2024-01-15,2024-04-17,93,Individual,Basic,US,Desktop,Paid,23,1.33,85,20.7,358.12,870.14,1,2024-05-01,Price,0,358.12,100,0,Low Engagement,91–180 Days
C1105,2024-06-05,2025-01-31,240,SMB,Basic,US,Desktop,Paid,18,5.96,4,19.1,256.22,871.96,1,2025-02-15,Service Issues,0,256.22,100,0,Low Engagement,181+ Days
C1106,2024-05-15,2025-03-08,297,Enterprise,Standard,APAC,Desktop,Referral,1,7.38,94,32.8,65.24,221.14,0,,Unknown,1,0.0,0,100,Medium Engagement,181+ Days
C1107,2024-09-17,2025-03-06,170,Individual,Premium,APAC,Mobile,Referral,21,2.03,12,11.1,102.41,313.29,1,2025-03-23,Low Engagement,0,102.41,100,0,Low Engagement,91–180 Days
C1108,2024-06-05,2025-03-13,281,SMB,Standard,EU,Desktop,Referral,19,3.75,27,17.2,69.22,187.18,1,2025-03-15,Service Issues,0,69.22,100,0,Low Engagement,181+ Days
C1109,2024-02-16,2024-04-03,47,Individual,Basic,US,Mobile,Paid,32,8.03,83,38.9,314.04,756.81,0,,Unknown,1,0.0,0,100,Medium Engagement,31–90 Days
C1110,2024-11-19,2025-07-12,235,SMB,Standard,APAC,Desktop,Organic,7,4.29,96,26.5,65.22,144.29,1,2025-07-28,Service Issues,0,65.22,100,0,Medium Engagement,181+ Days
C1111,2024-11-27,2025-04-27,151,Enterprise,Basic,APAC,Desktop,Organic,24,3.17,79,24.6,382.06,1296.78,1,2025-05-22,Low Engagement,0,382.06,100,0,Low Engagement,91–180 Days
C1112,2024-06-21,2025-04-18,301,Individual,Basic,APAC,Mobile,Paid,45,7.05,61,35.8,29.85,80.77,1,2025-05-16,Service Issues,0,29.85,100,0,Medium Engagement,181+ Days
C1113,2024-05-09,2024-10-16,160,SMB,Standard,EU,Mobile,Referral,8,2.77,92,22.3,139.7,371.34,0,,Unknown,1,0.0,0,100,Low Engagement,91–180 Days
C1114,2024-04-04,2024-08-05,123,SMB,Standard,US,Desktop,Referral,33,9.06,86,42.2,447.52,878.84,0,,Unknown,1,0.0,0,100,Medium Engagement,91–180 Days
C1115,2024-04-24,2024-12-26,246,Enterprise,Basic,APAC,Desktop,Referral,22,1.95,23,12.7,364.9,581.43,1,2025-01-09,Better Alternative,0,364.9,100,0,Low Engagement,181+ Days
C1116,2024-08-30,2024-11-13,75,Individual,Basic,US,Mobile,Paid,4,7.36,97,33.8,55.02,186.54,1,2024-11-26,Better Alternative,0,55.02,100,0,Medium Engagement,31–90 Days
C1117,2024-10-18,2025-10-03,350,SMB,Premium,APAC,Mobile,Referral,24,5.5,6,19.4,414.14,881.07,1,2025-10-31,Price,0,414.14,100,0,Low Engagement,181+ Days
C1118,2024-10-08,2025-07-02,267,Individual,Basic,APAC,Mobile,Referral,7,8.83,37,29.0,256.66,612.18,1,2025-07-09,Low Engagement,0,256.66,100,0,Medium Engagement,181+ Days
C1119,2024-10-25,2025-07-10,258,SMB,Basic,US,Mobile,Paid,15,2.14,36,13.8,426.46,737.47,1,2025-08-03,Price,0,426.46,100,0,Low Engagement,181+ Days
C1120,2024-10-09,2025-09-14,340,Individual,Standard,US,Mobile,Organic,47,7.1,67,37.2,308.36,978.69,1,2025-10-13,Price,0,308.36,100,0,Medium Engagement,181+ Days
C1121,2024-03-09,2025-02-04,332,Individual,Basic,US,Desktop,Paid,44,6.15,97,38.7,347.28,540.11,1,2025-03-01,Service Issues,0,347.28,100,0,Medium Engagement,181+ Days
C1122,2024-05-27,2024-12-02,189,Enterprise,Basic,EU,Desktop,Paid,14,5.32,41,22.2,496.88,1574.11,1,2024-12-06,Low Engagement,0,496.88,100,0,Low Engagement,181+ Days
C1123,2024-01-11,2024-07-28,199,Enterprise,Basic,APAC,Desktop,Paid,0,5.42,85,26.3,131.52,234.18,1,2024-08-03,Low Engagement,0,131.52,100,0,Medium Engagement,181+ Days
C1124,2024-09-10,2025-02-20,163,Enterprise,Standard,EU,Desktop,Paid,21,7.5,4,23.6,319.49,1045.73,1,2025-02-23,Low Engagement,0,319.49,100,0,Low Engagement,91–180 Days
C1125,2024-11-25,2025-06-18,205,Individual,Standard,US,Mobile,Organic,2,9.44,63,33.4,240.95,713.1,1,2025-06-26,Better Alternative,0,240.95,100,0,Medium Engagement,181+ Days
C1126,2024-12-25,2025-11-10,320,SMB,Standard,APAC,Mobile,Referral,37,1.82,49,19.3,38.94,71.23,1,2025-11-26,Better Alternative,0,38.94,100,0,Low Engagement,181+ Days
C1127,2024-02-07,2024-11-04,271,SMB,Premium,EU,Mobile,Paid,13,1.18,86,18.4,26.95,70.92,1,2024-11-22,Low Engagement,0,26.95,100,0,Low Engagement,181+ Days
C1128,2024-05-13,2024-10-12,152,SMB,Standard,APAC,Desktop,Organic,35,8.25,14,29.7,77.23,164.14,1,2024-10-26,Better Alternative,0,77.23,100,0,Medium Engagement,91–180 Days
C1129,2024-07-18,2025-07-04,351,Enterprise,Basic,EU,Mobile,Referral,17,1.97,94,22.4,331.56,615.53,1,2025-07-20,Price,0,331.56,100,0,Low Engagement,181+ Days
C1130,2024-01-23,2024-12-13,325,SMB,Basic,US,Mobile,Referral,46,9.88,72,44.7,292.24,940.53,1,2024-12-25,Low Engagement,0,292.24,100,0,Medium Engagement,181+ Days
C1131,2024-10-29,2025-02-16,110,Individual,Standard,EU,Desktop,Referral,40,6.57,52,32.2,285.65,659.01,1,2025-03-02,Better Alternative,0,285.65,100,0,Medium Engagement,91–180 Days
C1132,2024-12-11,2025-08-21,253,Individual,Standard,APAC,Desktop,Paid,17,6.86,24,24.2,35.29,81.06,1,2025-09-12,Service Issues,0,35.29,100,0,Low Engagement,181+ Days
C1133,2024-10-28,2024-11-18,21,SMB,Standard,APAC,Desktop,Paid,2,2.79,88,20.6,245.27,451.24,1,2024-12-07,Price,0,245.27,100,0,Low Engagement,0–30 Days
C1134,2024-12-28,2025-09-02,248,Enterprise,Standard,APAC,Mobile,Referral,9,3.16,84,22.3,463.82,1051.08,0,,Unknown,1,0.0,0,100,Low Engagement,181+ Days
C1135,2024-08-05,2024-10-02,58,Enterprise,Basic,APAC,Mobile,Referral,48,6.93,8,28.1,210.84,683.8,1,2024-10-09,Low Engagement,0,210.84,100,0,Medium Engagement,31–90 Days
C1136,2024-05-20,2024-07-10,51,Individual,Basic,US,Desktop,Referral,38,9.19,37,36.1,319.96,712.31,1,2024-07-15,Low Engagement,0,319.96,100,0,Medium Engagement,31–90 Days
C1137,2024-04-13,2024-10-05,175,Individual,Basic,EU,Desktop,Referral,46,9.84,21,37.0,394.31,1341.92,1,2024-10-14,Price,0,394.31,100,0,Medium Engagement,91–180 Days
C1138,2024-07-28,2024-10-27,91,Individual,Basic,US,Mobile,Referral,0,2.78,86,19.8,396.28,1344.43,1,2024-11-03,Price,0,396.28,100,0,Low Engagement,91–180 Days
C1139,2024-04-20,2025-02-14,300,Individual,Basic,US,Desktop,Referral,26,2.21,48,17.9,269.25,481.9,1,2025-02-18,Price,0,269.25,100,0,Low Engagement,181+ Days
C1140,2024-04-13,2024-09-27,167,SMB,Standard,US,Mobile,Organic,26,1.51,67,19.0,431.82,800.86,1,2024-10-14,Service Issues,0,431.82,100,0,Low Engagement,91–180 Days
C1141,2024-11-11,2025-06-24,225,Individual,Standard,APAC,Desktop,Referral,10,8.81,92,37.8,207.86,670.42,0,,Unknown,1,0.0,0,100,Medium Engagement,181+ Days
C1142,2024-06-19,2024-12-03,167,Individual,Basic,APAC,Desktop,Paid,48,3.65,14,20.8,446.57,1020.65,1,2024-12-09,Low Engagement,0,446.57,100,0,Low Engagement,91–180 Days
C1143,2024-12-21,2025-05-13,143,SMB,Basic,APAC,Desktop,Paid,4,1.02,64,13.0,135.31,204.15,1,2025-05-21,Price,0,135.31,100,0,Low Engagement,91–180 Days
C1144,2024-11-19,2025-02-03,76,Individual,Basic,EU,Mobile,Paid,6,3.01,53,16.7,154.5,316.38,1,2025-02-18,Service Issues,0,154.5,100,0,Low Engagement,31–90 Days
C1145,2024-05-12,2025-04-22,345,SMB,Basic,APAC,Mobile,Referral,18,4.06,29,18.1,45.5,122.63,1,2025-04-25,Low Engagement,0,45.5,100,0,Low Engagement,181+ Days
C1146,2024-10-19,2024-11-04,16,Individual,Standard,EU,Desktop,Paid,28,9.92,92,44.2,401.88,1245.24,0,,Unknown,1,0.0,0,100,Medium Engagement,0–30 Days
C1147,2024-11-23,2024-12-16,23,SMB,Standard,APAC,Mobile,Organic,14,5.71,19,19.9,220.19,389.03,1,2025-01-09,Better Alternative,0,220.19,100,0,Low Engagement,0–30 Days
C1148,2024-05-06,2024-07-27,82,Enterprise,Standard,APAC,Desktop,Referral,34,2.84,32,18.7,129.98,223.71,1,2024-08-05,Service Issues,0,129.98,100,0,Low Engagement,31–90 Days
C1149,2024-04-15,2024-10-04,172,Individual,Standard,US,Desktop,Paid,46,4.01,99,34.1,131.26,438.96,1,2024-10-31,Service Issues,0,131.26,100,0,Medium Engagement,91–180 Days
C1150,2024-04-01,2024-06-15,75,Enterprise,Standard,US,Mobile,Organic,36,3.97,85,29.9,452.67,1359.05,0,,Unknown,1,0.0,0,100,Medium Engagement,31–90 Days
C1151,2024-10-13,2025-10-04,356,Enterprise,Basic,US,Mobile,Organic,11,1.18,76,16.6,420.28,1126.17,1,2025-10-06,Low Engagement,0,420.28,100,0,Low Engagement,181+ Days
C1152,2024-02-20,2024-07-08,139,SMB,Basic,EU,Mobile,Paid,29,2.22,6,12.3,285.69,868.03,1,2024-08-06,Low Engagement,0,285.69,100,0,Low Engagement,91–180 Days
C1153,2024-01-29,2024-08-31,215,Individual,Basic,EU,Mobile,Organic,19,7.26,7,23.0,315.73,744.4,1,2024-09-02,Low Engagement,0,315.73,100,0,Low Engagement,181+ Days
C1154,2024-10-22,2025-08-03,285,SMB,Premium,APAC,Desktop,Paid,36,2.08,27,16.4,247.68,747.23,1,2025-08-30,Service Issues,0,247.68,100,0,Low Engagement,181+ Days
C1155,2024-10-23,2025-07-15,265,Enterprise,Basic,EU,Mobile,Organic,2,3.08,44,14.7,208.0,466.67,0,,Unknown,1,0.0,0,100,Low Engagement,181+ Days
C1156,2024-08-01,2025-05-03,275,Individual,Basic,APAC,Mobile,Referral,8,4.16,72,22.8,459.43,913.43,1,2025-05-25,Better Alternative,0,459.43,100,0,Low Engagement,181+ Days
C1157,2024-09-23,2024-10-27,34,Individual,Premium,EU,Desktop,Referral,40,7.82,88,40.8,80.29,237.5,0,,Unknown,1,0.0,0,100,Medium Engagement,31–90 Days
C1158,2024-09-13,2025-06-30,290,Enterprise,Premium,EU,Desktop,Referral,38,6.24,79,35.1,220.85,516.64,0,,Unknown,1,0.0,0,100,Medium Engagement,181+ Days
C1159,2024-10-28,2025-07-17,262,Individual,Standard,EU,Desktop,Referral,25,7.2,73,34.0,185.39,641.96,1,2025-07-29,Low Engagement,0,185.39,100,0,Medium Engagement,181+ Days
C1160,2024-04-10,2025-02-23,319,Individual,Basic,US,Desktop,Referral,1,6.1,10,17.0,259.11,569.78,1,2025-03-13,Service Issues,0,259.11,100,0,Low Engagement,181+ Days
C1161,2024-12-11,2025-10-05,298,Individual,Basic,EU,Mobile,Paid,22,7.15,30,26.8,239.66,801.29,1,2025-10-24,Better Alternative,0,239.66,100,0,Medium Engagement,181+ Days
C1162,2024-04-19,2024-10-09,173,Enterprise,Basic,US,Mobile,Referral,22,1.03,11,8.6,269.07,905.67,0,,Unknown,1,0.0,0,100,Low Engagement,91–180 Days
C1163,2024-06-30,2024-10-12,104,SMB,Basic,US,Desktop,Referral,20,9.38,94,41.6,87.16,172.9,0,,Unknown,1,0.0,0,100,Medium Engagement,91–180 Days
C1164,2024-11-08,2025-08-14,279,SMB,Basic,EU,Desktop,Referral,15,2.0,77,19.5,266.31,824.61,1,2025-08-27,Service Issues,0,266.31,100,0,Low Engagement,181+ Days
C1165,2024-01-01,2024-11-26,330,SMB,Basic,APAC,Mobile,Referral,8,4.66,50,20.8,136.36,322.65,1,2024-12-17,Better Alternative,0,136.36,100,0,Low Engagement,181+ Days
C1166,2024-11-14,2025-03-13,119,Enterprise,Premium,APAC,Mobile,Organic,12,7.94,43,28.7,108.48,361.79,1,2025-04-07,Better Alternative,0,108.48,100,0,Medium Engagement,91–180 Days
C1167,2024-02-24,2025-02-03,345,SMB,Basic,APAC,Mobile,Referral,27,4.92,95,32.0,51.12,122.7,1,2025-03-02,Low Engagement,0,51.12,100,0,Medium Engagement,181+ Days
C1168,2024-05-28,2025-04-12,319,Individual,Standard,EU,Mobile,Referral,26,9.52,49,36.3,386.07,1153.81,1,2025-04-20,Better Alternative,0,386.07,100,0,Medium Engagement,181+ Days
C1169,2024-11-04,2025-07-09,247,SMB,Standard,APAC,Mobile,Paid,16,5.21,16,18.6,225.17,548.05,1,2025-07-18,Low Engagement,0,225.17,100,0,Low Engagement,181+ Days
C1170,2024-05-16,2024-06-19,34,SMB,Basic,US,Desktop,Organic,37,8.87,34,34.7,320.79,627.34,1,2024-07-17,Service Issues,0,320.79,100,0,Medium Engagement,31–90 Days
C1171,2024-07-20,2024-12-17,150,Individual,Standard,APAC,Desktop,Paid,35,8.3,0,27.8,369.24,701.08,1,2024-12-21,Better Alternative,0,369.24,100,0,Medium Engagement,91–180 Days
C1172,2024-11-08,2025-03-14,126,Enterprise,Basic,EU,Desktop,Referral,0,9.83,28,28.8,346.07,813.56,0,,Unknown,1,0.0,0,100,Medium Engagement,91–180 Days
C1173,2024-04-26,2024-05-30,34,SMB,Basic,APAC,Desktop,Paid,17,9.34,50,34.2,245.84,740.22,0,,Unknown,1,0.0,0,100,Medium Engagement,31–90 Days
C1174,2024-06-02,2024-08-29,88,Individual,Standard,US,Mobile,Paid,8,9.08,63,33.8,206.19,558.8,0,,Unknown,1,0.0,0,100,Medium Engagement,31–90 Days
C1175,2024-10-17,2025-01-02,77,SMB,Basic,EU,Desktop,Referral,12,7.58,3,21.8,200.46,576.78,0,,Unknown,1,0.0,0,100,Low Engagement,31–90 Days
C1176,2024-03-03,2024-09-01,182,Individual,Premium,APAC,Mobile,Organic,39,4.3,86,31.4,327.22,675.6,1,2024-09-17,Better Alternative,0,327.22,100,0,Medium Engagement,181+ Days
C1177,2024-08-31,2024-09-21,21,Individual,Basic,EU,Mobile,Organic,44,1.96,27,17.8,257.5,634.19,1,2024-10-01,Low Engagement,0,257.5,100,0,Low Engagement,0–30 Days
C1178,2024-01-25,2024-11-17,297,SMB,Standard,EU,Mobile,Paid,14,7.2,15,23.0,427.58,679.34,1,2024-12-03,Low Engagement,0,427.58,100,0,Low Engagement,181+ Days
C1179,2024-03-30,2024-08-14,137,Individual,Basic,EU,Mobile,Referral,42,9.81,62,42.2,439.86,1378.99,0,,Unknown,1,0.0,0,100,Medium Engagement,91–180 Days
C1180,2024-03-15,2024-06-28,105,Enterprise,Basic,APAC,Mobile,Paid,43,7.54,75,38.7,101.87,354.49,0,,Unknown,1,0.0,0,100,Medium Engagement,91–180 Days
C1181,2024-10-20,2025-01-29,101,Enterprise,Basic,EU,Mobile,Paid,45,9.36,52,40.2,85.39,197.57,0,,Unknown,1,0.0,0,100,Medium Engagement,91–180 Days
C1182,2024-07-28,2024-12-25,150,SMB,Standard,APAC,Mobile,Paid,3,8.24,84,33.8,322.59,490.96,0,,Unknown,1,0.0,0,100,Medium Engagement,91–180 Days
C1183,2024-12-12,2025-01-21,40,SMB,Premium,US,Desktop,Referral,32,2.47,16,15.0,164.59,302.78,1,2025-02-03,Price,0,164.59,100,0,Low Engagement,31–90 Days
C1184,2024-01-17,2024-12-25,343,Individual,Premium,APAC,Mobile,Referral,23,3.24,39,18.6,28.91,81.09,1,2025-01-01,Service Issues,0,28.91,100,0,Low Engagement,181+ Days
C1185,2024-05-07,2024-06-05,29,SMB,Basic,US,Desktop,Organic,35,4.08,12,19.0,446.55,1216.47,1,2024-06-24,Low Engagement,0,446.55,100,0,Low Engagement,0–30 Days
C1186,2024-12-29,2025-06-02,155,Enterprise,Standard,APAC,Desktop,Referral,40,2.51,51,21.9,128.91,396.49,1,2025-06-06,Better Alternative,0,128.91,100,0,Low Engagement,91–180 Days
C1187,2024-09-07,2025-07-29,325,Enterprise,Standard,EU,Mobile,Paid,9,6.23,57,25.9,466.05,935.72,1,2025-08-26,Better Alternative,0,466.05,100,0,Medium Engagement,181+ Days
C1188,2024-06-27,2024-12-13,169,Enterprise,Standard,APAC,Mobile,Paid,35,9.78,95,45.7,364.37,1103.04,0,,Unknown,1,0.0,0,100,Medium Engagement,91–180 Days
C1189,2024-06-30,2025-06-23,358,SMB,Basic,EU,Desktop,Organic,19,7.85,36,28.8,386.07,1110.32,1,2025-07-05,Low Engagement,0,386.07,100,0,Medium Engagement,181+ Days
C1190,2024-05-31,2024-07-22,52,SMB,Standard,US,Desktop,Referral,40,4.81,78,31.7,116.7,250.39,1,2024-08-04,Price,0,116.7,100,0,Medium Engagement,31–90 Days
C1191,2024-01-25,2024-10-14,263,Individual,Premium,APAC,Desktop,Paid,44,1.04,75,22.6,132.41,343.07,1,2024-10-18,Price,0,132.41,100,0,Low Engagement,181+ Days
C1192,2024-06-28,2024-11-14,139,SMB,Basic,EU,Desktop,Organic,43,3.82,60,27.2,270.21,484.9,1,2024-12-12,Better Alternative,0,270.21,100,0,Medium Engagement,91–180 Days
C1193,2024-07-16,2024-09-23,69,SMB,Premium,US,Mobile,Organic,10,5.74,78,28.0,102.61,246.79,1,2024-10-03,Price,0,102.61,100,0,Medium Engagement,31–90 Days
C1194,2024-12-09,2025-05-18,160,SMB,Standard,US,Mobile,Paid,11,3.92,33,17.0,166.61,543.55,1,2025-05-25,Low Engagement,0,166.61,100,0,Low Engagement,91–180 Days
C1195,2024-06-09,2025-04-01,296,Enterprise,Basic,APAC,Mobile,Paid,17,2.0,69,18.8,174.3,408.28,1,2025-04-06,Price,0,174.3,100,0,Low Engagement,181+ Days
C1196,2024-06-25,2024-07-09,14,Individual,Basic,US,Desktop,Referral,29,4.98,16,20.6,96.62,307.17,0,,Unknown,1,0.0,0,100,Low Engagement,0–30 Days
C1197,2024-10-11,2025-07-13,275,SMB,Basic,EU,Mobile,Organic,43,3.28,19,19.6,118.49,317.61,1,2025-07-31,Better Alternative,0,118.49,100,0,Low Engagement,181+ Days
C1198,2024-03-03,2025-02-20,354,SMB,Standard,US,Desktop,Paid,47,9.18,72,43.2,398.5,750.68,0,,Unknown,1,0.0,0,100,Medium Engagement,181+ Days
C1199,2024-05-29,2024-10-15,139,SMB,Premium,US,Mobile,Organic,36,1.92,58,20.7,100.25,266.89,0,,Unknown,1,0.0,0,100,Low Engagement,91–180 Days
C1200,2024-06-02,2025-03-05,276,Individual,Basic,EU,Desktop,Referral,19,1.44,68,17.6,33.66,84.55,0,,Unknown,1,0.0,0,100,Low Engagement,181+ Days
